Workbook

Sheet Original Clinical
A1: Record ID | B1: Procedure(s) - notes | C1: Primary pre-operative diagnosis - checkboxes (choice=Coronary artery disease) | D1: Primary pre-operative diagnosis - checkboxes (choice=Valve disease) | E1: Primary pre-operative diagnosis - checkboxes (choice=Endocarditis) | F1: Primary pre-operative diagnosis - checkboxes (choice=Heart failure) | G1: Sex assigned at birth | H1: Age at enrollment | I1: Ethnicity | J1: Race | K1: BMI | L1: Smoking | M1: Current smoker | N1: Diabetes | O1: History of cancer | P1: Cancer type, years since treatment, other | Q1: Hypertension | R1: Peripheral vascular disease | S1: Hyperlipidemia | T1: Stroke | U1: Hypothyroidism | V1: Autoimmune disease | W1: History of thrombosis/pulmonary embolism
A2: 1001 | B2: Repair Mitral Valve | C2: Unchecked | D2: Checked | E2: Unchecked | F2: Unchecked | G2: Female | H2: 34 | I2: Not Hispanic or Latino | J2: White | K2: 23.9 | L2: No | N2: No | O2: No | Q2: No | R2: No | S2: No | T2: No | U2: No | V2: No | W2: No
A3: 1003 | B3: REPLACE SYSTEMIC TRICUSPID VALVE IN CCTGA CLOSURE PATENT FORAMEN OVALE PLACEMENT VENTRICUALR EPICARDIAL LEADS | C3: Unchecked | D3: Checked | E3: Unchecked | F3: Unchecked | G3: Female | H3: 35 | I3: Not Hispanic or Latino | J3: White | K3: 26.5 | L3: No | N3: No | O3: No | Q3: No | R3: No | S3: No | T3: No | U3: No | V3: No | W3: No
A4: 1004 | B4: REPLACEMENT AORTIC VALVE REPLACEMENT HEMI ARCH ASCENDING AORTIC ANEURYSM MAZE PROCEDURE AMPUTATION LEFT ATRIAL APPENDAGE | C4: Unchecked | D4: Checked | E4: Unchecked | F4: Unchecked | G4: Male | H4: 68 | I4: Not Hispanic or Latino | J4: White | K4: 27.1 | L4: No | N4: No | O4: No | Q4: No | R4: No | S4: No | T4: No | U4: No | V4: No | W4: No
A5: 1008 | B5: EXPLORATION AORTIC VALVE REPLACEMENT MITRAL VALVE AMPUTATION LEFT ATRIAL APPENDAGE ISOLATION PULMONARY VEIN | C5: Unchecked | D5: Checked | E5: Unchecked | F5: Unchecked | G5: Male | H5: 71 | I5: Not Hispanic or Latino | J5: White | K5: 19.3 | L5: Yes | M5: No | N5: No | O5: No | Q5: No | R5: No | S5: No | T5: No | U5: No | V5: No | W5: No
A6: 1010 | B6: CORONARY ARTERY BYPASS GRAFT x3, USING LIMA AND LEFT SAPHENOUS VEIN GRAFT (EVH) | C6: Checked | D6: Unchecked | E6: Unchecked | F6: Unchecked | G6: Female | H6: 70 | I6: Not Hispanic or Latino | J6: White | K6: 21.6 | L6: No | N6: Yes | O6: No | Q6: Yes | R6: No | S6: Yes | T6: No | U6: No | V6: No | W6: No
A7: 1012 | B7: Reconstruction or replacement valve sparing aortic root | C7: Unchecked | D7: Unchecked | E7: Unchecked | F7: Unchecked | G7: Female | H7: 31 | I7: Unavailable | J7: Unavailable | K7: 18.3 | L7: No | N7: No | O7: No | Q7: No | R7: No | S7: No | T7: No | U7: No | V7: No | W7: No
A8: 1013 | B8: Coronary Artery Bypass Isolation pulmonary vein | C8: Checked | D8: Unchecked | E8: Unchecked | F8: Unchecked | G8: Male | H8: 65 | I8: Not Hispanic or Latino | J8: White | K8: 32.6 | L8: No | N8: No | O8: Yes | P8: Prostate cancer 2019 no surgery, currently on Lupron Q 3 months and daily Zytiga and Prednisone | Q8: Yes | R8: No | S8: Yes | T8: No | U8: No | V8: No | W8: No
A9: 1014 | B9: CORONARY ARTERY BYPASS GRAFT x 3 with SVG and LIMA, ENDOSCOPIC SAPHENOUS VEIN HARVEST LEFT LEG | C9: Checked | D9: Unchecked | E9: Unchecked | F9: Unchecked | G9: Male | H9: 75 | I9: Not Hispanic or Latino | J9: White | K9: 22.3 | L9: Yes | M9: No | N9: No | O9: No | Q9: No | R9: No | S9: Yes | T9: No | U9: Yes | V9: No | W9: No
A10: 1015 | B10: THROMBOENDARTERECTOMY PULMONARY ARTERY WITH CARDIAC ARREST REPAIR TRICUSPID VALVE | C10: Unchecked | D10: Checked | E10: Unchecked | F10: Unchecked | G10: Female | H10: 34 | I10: Not Hispanic or Latino | J10: White | K10: 41.9 | L10: Yes | M10: No | N10: No | O10: No | Q10: No | R10: No | S10: No | T10: No | U10: No | V10: No | W10: Yes
A11: 1016 | B11: CORONARY ARTERY BYPASS GRAFT X2 W/ LIMA AND LEFT LEG ENDOSCOPIC SAPHENOUS VEIN HARVEST | C11: Checked | D11: Unchecked | E11: Unchecked | F11: Checked | G11: Male | H11: 78 | I11: Not Hispanic or Latino | J11: White | K11: 24.6 | L11: Yes | M11: No | N11: No | O11: No | Q11: Yes | R11: Yes | S11: Yes | T11: No | U11: No | V11: No | W11: No
A12: 1020 | B12: Replacement Aortic Valve | C12: Unchecked | D12: Checked | E12: Unchecked | F12: Unchecked | G12: Female | H12: 66 | I12: Not Hispanic or Latino | J12: White | K12: 24.2 | L12: Yes | M12: No | N12: No | O12: No | Q12: Yes | R12: No | S12: Yes | T12: No | U12: No | V12: No | W12: No
A13: 1021 | B13: CORONARY ARTERY BYPASS GRAFT OFF PUMP X 2 | C13: Checked | D13: Unchecked | E13: Unchecked | F13: Unchecked | G13: Female | H13: 71 | I13: Not Hispanic or Latino | J13: White | K13: 34.6 | L13: Yes | M13: No | N13: No | O13: Yes | P13: right lung cancer s/p resection of RUL in 2010 and radiation and 2010 and 2017 with mets to left adrenal gland s/p L adrenalectomy | Q13: Yes | R13: No | S13: Yes | T13: No | U13: No | V13: No | W13: No
A14: 1022 | B14: REPLACEMENT MITRAL VALVE RESECTION MASS AORTIC VALVE REPAIR TRICUSPID VALVE MAZE PROCEDURE, LEFT ATRIAL APPENDAGE AMPUTATION, RIGHT ATRIAL REDUCTION | C14: Checked | D14: Checked | E14: Unchecked | F14: Checked | G14: Female | H14: 79 | I14: Not Hispanic or Latino | J14: White | K14: 22.1 | L14: No | N14: No | O14: No | Q14: Yes | R14: No | S14: Yes | T14: Yes | U14: No | V14: No | W14: No
A15: 1023 | B15: CORONARY ARTERY BYPASS GRAFT x 3 with LIMA and SVG, ENDOSCOPIC SAPHENOUS VEIN HARVEST LEFT LEG | C15: Checked | D15: Unchecked | E15: Unchecked | F15: Unchecked | G15: Male | H15: 47 | I15: Not Hispanic or Latino | J15: White | K15: 27 | L15: Yes | M15: No | N15: No | O15: No | Q15: Yes | R15: No | S15: Yes | T15: Yes | U15: No | V15: No | W15: No
A16: 1026 | B16: CORONARY ARTERY BYPASS GRAFT x1, LEFT SAPHENOUS EVH | C16: Checked | D16: Unchecked | E16: Unchecked | F16: Unchecked | G16: Female | H16: 58 | I16: Hispanic or Latino | J16: Unavailable | K16: 30.7 | L16: No | N16: No | O16: No | Q16: Yes | R16: No | S16: Yes | T16: No | U16: No | V16: No | W16: No
A17: 1031 | B17: CORONARY ARTERY BYPASS GRAFT X5, LIMA, LEFT AND RIGHT LEG SAPHENOUS EVH | C17: Checked | D17: Unchecked | E17: Unchecked | F17: Unchecked | G17: Male | H17: 63 | I17: Not Hispanic or Latino | J17: White | K17: 34.1 | L17: Yes | M17: Yes | N17: Yes | O17: No | Q17: Yes | R17: No | S17: Yes | T17: No | U17: No | V17: No | W17: No
A18: 1033 | B18: REPLACEMENT AORTIC VALVE CORONARY ARTERY BYPASS GRAFT x3, LEFT LEG ENDOSCOPIC SAPHENOUS VEIN HARVEST | C18: Checked | D18: Checked | E18: Unchecked | F18: Unchecked | G18: Male | H18: 79 | I18: Not Hispanic or Latino | J18: White | K18: 21.8 | L18: Yes | M18: No | N18: No | O18: Yes | P18: Adenocarcinoma of left lung 2021 | Q18: Yes | R18: Yes | S18: No | T18: No | U18: Yes | V18: No | W18: No
A19: 1039 | B19: REPLACEMENT AORTIC VALVE (BIO), AORTIC ROOT ENLARGEMENT | C19: Unchecked | D19: Checked | E19: Unchecked | F19: Unchecked | G19: Female | H19: 56 | I19: Not Hispanic or Latino | J19: White | K19: 41.6 | L19: No | N19: Yes | O19: No | Q19: Yes | R19: No | S19: Yes | T19: No | U19: Yes | V19: No | W19: No
A20: 1040 | B20: CORONARY ARTERY BYPASS GRAFT x1, LIMA, LEFT SAPHENOUS VEIN HARVEST (EVH) REPLACEMENT AORTIC VALVE | C20: Checked | D20: Checked | E20: Unchecked | F20: Unchecked | G20: Female | H20: 80 | I20: Not Hispanic or Latino | J20: White | K20: 41.9 | L20: Yes | M20: No | N20: No | O20: Yes | P20: Skin Cancer | Q20: Yes | R20: No | S20: Yes | T20: No | U20: No | V20: Yes | W20: No
A21: 1046 | B21: REPLACEMENT AORTIC VALVE CABG X 1, LEFT SV ENDOHARVEST | C21: Checked | D21: Checked | E21: Unchecked | F21: Unchecked | G21: Male | H21: 58 | I21: Not Hispanic or Latino | J21: White | K21: 32.8 | L21: Yes | M21: Yes | N21: Yes | O21: No | Q21: Yes | R21: No | S21: Yes | T21: No | U21: No | V21: No | W21: No
A22: 1047 | B22: COMPOSITE AORTIC ROOT, RECONSTRUCTION HEMIARCH REPLACEMENT VALVE SPARING AORTIC ROOT MAZE PROCEDURE/ Left atrial appendage ligation | C22: Unchecked | D22: Checked | E22: Unchecked | F22: Unchecked | G22: Male | H22: 69 | I22: Not Hispanic or Latino | J22: White | K22: 23.5 | L22: No | N22: No | O22: No | Q22: Yes | R22: No | S22: Yes | T22: No | U22: No | V22: No | W22: No
A23: 1048 | B23: Removal of Right atrial foreing body, PARASTERNAL BLOCK REPAIR TRICUSPID VALVE | C23: Unchecked | D23: Checked | E23: Unchecked | F23: Unchecked | G23: Female | H23: 24 | I23: Not Hispanic or Latino | J23: White | K23: 25.4 | L23: No | N23: No | O23: No | Q23: No | R23: Yes | S23: No | T23: No | U23: No | V23: No | W23: No
A24: 1050 | B24: CORONARY ARTERY BYPASS GRAFT X 4, LEFT SV HARVEST, LIMA | C24: Checked | D24: Unchecked | E24: Unchecked | F24: Unchecked | G24: Male | H24: 70 | I24: Not Hispanic or Latino | J24: White | K24: 34.6 | L24: Yes | M24: No | N24: Yes | O24: No | Q24: Yes | R24: No | S24: Yes | T24: No | U24: No | V24: No | W24: No
A25: 1059 | B25: REPLACEMENT AORTIC VALVE MAZE PROCEDURE/ left atrial appendage resection AORTIC ROOT enlargement | C25: Unchecked | D25: Checked | E25: Unchecked | F25: Unchecked | G25: Female | H25: 60 | I25: Not Hispanic or Latino | J25: White | K25: 38.4 | L25: Yes | M25: No | N25: No | O25: No | Q25: Yes | R25: No | S25: No | T25: No | U25: No | V25: No | W25: No
A26: 1061 | B26: REVISION AORTIC VALVE REPLACEMENT, AORTOPLASTY AORTIC ROOT ENLARGEMENT | C26: Unchecked | D26: Unchecked | E26: Unchecked | F26: Unchecked | G26: Female | H26: 49 | I26: Not Hispanic or Latino | J26: White | K26: 27.8 | L26: Yes | M26: No | N26: No | O26: No | Q26: No | R26: No | S26: Yes | T26: No | U26: No | V26: Yes | W26: No
A27: 1066 | B27: CORONARY ARTERY BYPASS GRAFT x 6 with BIMA and SVG, ENDOSCOPIC SAPHENOUS VEIN HARVEST BILATERAL LEGS | C27: Checked | D27: Unchecked | E27: Unchecked | F27: Unchecked | G27: Male | H27: 55 | I27: Not Hispanic or Latino | J27: White | K27: 31.1 | L27: No | N27: No | O27: No | Q27: No | R27: No | S27: Yes | T27: No | U27: No | V27: No | W27: No
A28: 1069 | B28: CORONARY ARTERY BYPASS GRAFT x2, LEFT SVG | C28: Checked | D28: Unchecked | E28: Unchecked | F28: Unchecked | G28: Female | H28: 62 | I28: Unavailable | J28: Unavailable | K28: 31.6 | L28: No | N28: No | O28: No | Q28: No | R28: No | S28: Yes | T28: No | U28: No | V28: No | W28: No
A29: 1073 | B29: Ascending aortic replacement (22 mm Gelweave tube graft/28 mm Gelweave tube graft). | C29: Unchecked | D29: Unchecked | E29: Unchecked | F29: Unchecked | G29: Female | H29: 78 | I29: Not Hispanic or Latino | J29: White | K29: 33.7 | L29: Yes | M29: No | N29: No | O29: No | Q29: Yes | R29: No | S29: No | T29: No | U29: Yes | V29: No | W29: No
A30: 1086 | B30: REPLACEMENT AORTIC VALVE REPAIR ANEURYSM HEMI ARCH ASCENDING AORTA, ERAS | C30: Unchecked | D30: Checked | E30: Unchecked | F30: Unchecked | G30: Male | H30: 65 | I30: Not Hispanic or Latino | J30: White | K30: 42.6 | L30: No | N30: No | O30: No | Q30: No | R30: No | S30: Yes | T30: No | U30: No | V30: No | W30: No
A31: 1090 | B31: MYECTOMY SEPTAL, ERAS | C31: Unchecked | D31: Unchecked | E31: Unchecked | F31: Unchecked | G31: Male | H31: 29 | I31: Not Hispanic or Latino | J31: White | K31: 26.2 | L31: No | N31: No | O31: No | Q31: No | R31: No | S31: No | T31: No | U31: No | V31: No | W31: No
A32: 1091 | B32: BENTALL WITH ASCENDING HEMIARCH, LEFT LEG ENDOSCOPIC SAPHENOUS VEIN HARVEST | C32: Unchecked | D32: Checked | E32: Unchecked | F32: Checked | G32: Female | H32: 61 | I32: Not Hispanic or Latino | J32: White | K32: 33.8 | L32: No | N32: No | O32: No | Q32: Yes | R32: No | S32: Yes | T32: No | U32: No | V32: No | W32: No
A33: 1096 | B33: CORONARY ARTERY BYPASS GRAFT x4, LEFT LEG ENDOSCOPIC SAPHENOUS VEIN HARVEST | C33: Checked | D33: Unchecked | E33: Unchecked | F33: Unchecked | G33: Male | H33: 66 | I33: Not Hispanic or Latino | J33: More than One Race | K33: 34.1 | L33: Yes | M33: No | N33: No | O33: No | Q33: Yes | R33: No | S33: Yes | T33: No | U33: No | V33: No | W33: No
A34: 1097 | B34: MYECTOMY SEPTAL(ERAS) | C34: Unchecked | D34: Checked | E34: Unchecked | F34: Unchecked | G34: Male | H34: 68 | I34: Not Hispanic or Latino | J34: White | K34: 37.4 | L34: No | N34: No | O34: No | Q34: No | R34: No | S34: Yes | T34: No | U34: No | V34: No | W34: Yes
A35: 1102 | B35: REPLACEMENT AORTIC VALVE(ERAS) REPAIR OR REPLACEMENT HEMI ARCH ASCENDING AORTA | C35: Unchecked | D35: Checked | E35: Unchecked | F35: Unchecked | G35: Female | H35: 57 | I35: Not Hispanic or Latino | J35: White | K35: 34.2 | L35: No | N35: Yes | O35: No | Q35: Yes | R35: No | S35: No | T35: No | U35: No | V35: No | W35: No
A36: 1103 | B36: REPLACEMENT AORTIC VALVE REPLACEMENT HEMI ARCH ASCENDING AORTA CORONARY ARTERY BYPASS GRAFT x2 WITH LEFT LEG ENDOSCOPIC SAPHENOUS VEIN HARVEST | C36: Checked | D36: Checked | E36: Unchecked | F36: Unchecked | G36: Male | H36: 67 | I36: Not Hispanic or Latino | J36: White | K36: 24.7 | L36: No | N36: Yes | O36: No | Q36: Yes | R36: No | S36: Yes | T36: No | U36: No | V36: No | W36: No
A37: 1107 | B37: REVISION CORONARY ARTERY BYPASS GRAFT WITH ALLOGRAFT SAPHENOUS VEIN x3, SAPHENOUS TO LIMA COMPOSITE GRAFT. ATTEMPTED ENDOSCOPIC HARVESTING VEIN RIGHT INTERNAL MAMMARY ARTERY TAKEDOWN | C37: Checked | D37: Unchecked | E37: Unchecked | F37: Unchecked | G37: Male | H37: 60 | I37: Not Hispanic or Latino | J37: White | K37: 30.3 | L37: Yes | M37: Yes | N37: Yes | O37: No | Q37: Yes | R37: No | S37: No | T37: No | U37: No | V37: No | W37: No
A38: 1118 | B38: OFF PUMP CABG x 1, LIMA-LAD | C38: Checked | D38: Unchecked | E38: Unchecked | F38: Unchecked | G38: Male | H38: 41 | I38: Not Hispanic or Latino | J38: White | K38: 50.9 | L38: Yes | M38: No | N38: No | O38: No | Q38: Yes | R38: No | S38: Yes | T38: No | U38: No | V38: No | W38: No
A39: 1121 | B39: CORONARY ARTERY BYPASS GRAFT X 3 with LIMA and SVG , ENDARTERECTOMY, ENDOSCOPIC SAPHENOUS VEIN HARVEST LEFT LEG , ERAS INSERTION OF CENTRIMAG RIGHT VENTRICULAR ASSIST DEVICE | C39: Checked | D39: Unchecked | E39: Unchecked | F39: Unchecked | G39: Male | H39: 69 | I39: Not Hispanic or Latino | J39: Asian | K39: 22 | L39: No | N39: Yes | O39: No | Q39: Yes | R39: No | S39: Yes | T39: No | U39: No | V39: No | W39: No
A40: 1145 | B40: Replacement Aortic Valve, ERAS Coronary Artery Bypass Graft | C40: Checked | D40: Checked | E40: Unchecked | F40: Unchecked | G40: Male | H40: 73 | I40: Not Hispanic or Latino | J40: White | K40: 31.3 | L40: No | N40: No | O40: Yes | P40: Prostate cancer, s/p radiation, s/p XRT . Followed DFCI SSH , 2019 | Q40: Yes | R40: No | S40: Yes | T40: No | U40: No | V40: No | W40: No
A41: 1146 | B41: Replacement Aortic Valve, ERAS (Mechanical) | C41: Unchecked | D41: Checked | E41: Unchecked | F41: Unchecked | G41: Male | H41: 47 | I41: Not Hispanic or Latino | J41: White | K41: 22.8 | L41: No | N41: No | O41: No | Q41: No | R41: No | S41: No | T41: No | U41: No | V41: No | W41: No
A42: 1149 | B42: Coronary Artery Bypass Graft | C42: Checked | D42: Unchecked | E42: Unchecked | F42: Unchecked | G42: Male | H42: 70 | I42: Not Hispanic or Latino | J42: White | K42: 35.2 | L42: Yes | M42: No | N42: No | O42: No | Q42: Yes | R42: No | S42: Yes | T42: No | U42: No | V42: Yes | W42: No
A43: 1150 | B43: Valve Sparing Root Replacement | C43: Unchecked | D43: Unchecked | E43: Unchecked | F43: Unchecked | G43: Male | H43: 42 | I43: Not Hispanic or Latino | J43: White | K43: 24.5 | L43: Yes | M43: No | N43: No | O43: No | Q43: No | R43: No | S43: No | T43: No | U43: No | V43: No | W43: No
A44: 1153 | B44: Revision Aortic Valve Replacement | C44: Unchecked | D44: Unchecked | E44: Unchecked | F44: Unchecked | G44: Female | H44: 70 | I44: Not Hispanic or Latino | J44: White | K44: 30.2 | L44: No | N44: No | O44: No | Q44: Yes | R44: No | S44: No | T44: No | U44: No | V44: No | W44: No
A45: 1154 | B45: Repair Mitral Valve (ERAS) Repair Tricuspid Valve Coronary Artery Bypass Graft | C45: Checked | D45: Unchecked | E45: Unchecked | F45: Checked | G45: Male | H45: 61 | I45: Not Hispanic or Latino | J45: Black or African American | K45: 24.5 | L45: No | N45: No | O45: No | Q45: No | R45: No | S45: No | T45: No | U45: No | V45: No | W45: No
A46: 1155 | B46: Coronary Artery Bypass Graft | C46: Checked | D46: Unchecked | E46: Unchecked | F46: Unchecked | G46: Male | H46: 89 | I46: Not Hispanic or Latino | J46: White | K46: 22.8 | L46: No | N46: Yes | O46: No | Q46: Yes | R46: No | S46: Yes | T46: Yes | U46: No | V46: No | W46: No
A47: 1156 | B47: Coronary Artery Bypass Graft Repair Mitral Valve | C47: Checked | D47: Checked | E47: Unchecked | F47: Unchecked | G47: Female | H47: 78 | I47: Not Hispanic or Latino | J47: White | K47: 26.9 | L47: No | N47: No | O47: No | Q47: Yes | R47: No | S47: Yes | T47: No | U47: No | V47: No | W47: No
A48: 1157 | B48: Revision Mitral Valve Replacement | C48: Unchecked | D48: Unchecked | E48: Unchecked | F48: Unchecked | G48: Female | H48: 61 | I48: Not Hispanic or Latino | J48: White | K48: 26.5 | L48: No | N48: No | O48: No | Q48: Yes | R48: No | S48: No | T48: No | U48: No | V48: No | W48: No
A49: 1158 | B49: REPLACEMENT AORTIC ROOT REPAIR OR REPLACEMENT HEMI ARCH ASCENDING AORTA CORONARY ARTERY BYPASS GRAFT x1, COMPOSITE AORTIC ROOT | C49: Checked | D49: Unchecked | E49: Unchecked | F49: Unchecked | G49: Male | H49: 58 | I49: Not Hispanic or Latino | J49: White | K49: 32.6 | L49: No | N49: No | O49: No | Q49: Yes | R49: No | S49: Yes | T49: No | U49: No | V49: Yes | W49: No
A50: 1159 | B50: Coronary Artery Bypass Graft, ERAS | C50: Checked | D50: Unchecked | E50: Unchecked | F50: Unchecked | G50: Female | H50: 62 | I50: Not Hispanic or Latino | J50: White | K50: 26.4 | L50: Yes | M50: No | N50: No | O50: No | Q50: Yes | R50: No | S50: Yes | T50: No | U50: No | V50: No | W50: No
A51: 1160 | B51: Minimally Invasive Replacement Aortic Valve, ERAS | C51: Unchecked | D51: Unchecked | E51: Unchecked | F51: Unchecked | G51: Male | H51: 65 | I51: Not Hispanic or Latino | J51: White | K51: 24.5 | L51: No | N51: No | O51: Yes | P51: basal cell carcinoma of the skin right abdomen | Q51: No | R51: No | S51: Yes | T51: No | U51: No | V51: No | W51: No
A52: 1162 | B52: Coronary Artery Bypass Graft (BIMA) | C52: Checked | D52: Unchecked | E52: Unchecked | F52: Unchecked | G52: Male | H52: 53 | I52: Not Hispanic or Latino | J52: White | K52: 30.1 | L52: No | N52: No | O52: No | Q52: Yes | R52: No | S52: Yes | T52: No | U52: No | V52: No | W52: No
A53: 1164 | B53: Minimally Invasive Replacement Aortic Valve | C53: Unchecked | D53: Checked | E53: Unchecked | F53: Unchecked | G53: Female | H53: 65 | I53: Not Hispanic or Latino | J53: White | K53: 29.3 | L53: Yes | M53: No | N53: No | O53: No | Q53: No | R53: No | S53: Yes | T53: No | U53: No | V53: No | W53: No
A54: 1165 | B54: Repair/Replacement Mitral Valve | C54: Unchecked | D54: Unchecked | E54: Unchecked | F54: Unchecked | G54: Male | H54: 66 | I54: Not Hispanic or Latino | J54: White | K54: 28.9 | L54: No | N54: No | O54: No | Q54: Yes | R54: No | S54: No | T54: No | U54: No | V54: No | W54: No
A55: 1166 | B55: REPLACEMENT AORTIC VALVE | C55: Unchecked | D55: Checked | E55: Unchecked | F55: Unchecked | G55: Female | H55: 66 | I55: Not Hispanic or Latino | J55: White | K55: 31.1 | L55: Yes | M55: No | N55: No | O55: No | Q55: No | R55: No | S55: No | T55: No | U55: No | V55: Yes | W55: No
A56: 1168 | B56: Coronary Artery Bypass Graft | C56: Checked | D56: Unchecked | E56: Unchecked | F56: Unchecked | G56: Male | H56: 76 | I56: Hispanic or Latino | J56: Unavailable | K56: 24.1 | L56: No | N56: Yes | O56: Yes | P56: Prostate Cancer 06/04/2021 with metastases to inguinal and periaortic LN, no other distant sites of disease | Q56: Yes | R56: No | S56: Yes | T56: No | U56: No | V56: No | W56: No
A57: 1169 | B57: Coronary Artery Bypass Graft | C57: Checked | D57: Unchecked | E57: Unchecked | F57: Unchecked | G57: Female | H57: 58 | I57: Not Hispanic or Latino | J57: Black or African American | K57: 47 | L57: No | N57: Yes | O57: No | Q57: Yes | R57: No | S57: Yes | T57: No | U57: No | V57: No | W57: No
A58: 1172 | B58: Repair Mitral Valve MAZE procedure/left atrial appendage ligation | C58: Unchecked | D58: Checked | E58: Unchecked | F58: Unchecked | G58: Male | H58: 75 | I58: Not Hispanic or Latino | J58: White | K58: 20.2 | L58: No | N58: No | O58: No | Q58: Yes | R58: No | S58: No | T58: No | U58: No | V58: No | W58: No
A59: 1178 | B59: ASCENDING AORTIC HEMI- ARCH REPLACEMENT ERAS | C59: Unchecked | D59: Unchecked | E59: Unchecked | F59: Unchecked | G59: Male | H59: 61 | I59: Not Hispanic or Latino | J59: White | K59: 31 | L59: Yes | M59: No | N59: No | O59: No | Q59: Yes | R59: No | S59: Yes | T59: No | U59: No | V59: No | W59: No
A60: 1181 | B60: Repair Mitral Valve Isolation Pulmonary Vein, Left Atrial Appendage Ligation REPAIR TRICUSPID VALVE (32MM EDWARDS MC3 TRICUSPID ANNULOPLASTY RING) | C60: Unchecked | D60: Unchecked | E60: Unchecked | F60: Checked | G60: Male | H60: 72 | I60: Not Hispanic or Latino | J60: White | K60: 26.3 | L60: No | N60: No | O60: No | Q60: Yes | R60: No | S60: No | T60: No | U60: No | V60: No | W60: No
A61: 1186 | B61: REPAIR MITRAL VALVE, RIGHT CORONARY ARTERY UNROOFING | C61: Unchecked | D61: Checked | E61: Unchecked | F61: Unchecked | G61: Male | H61: 42 | I61: Not Hispanic or Latino | J61: Asian | K61: 22.3 | L61: No | N61: No | O61: No | Q61: Yes | R61: No | S61: No | T61: No | U61: No | V61: No | W61: No
A62: 1204 | B62: Replacement Ascending Aortic Arch (Revision) | C62: Unchecked | D62: Unchecked | E62: Unchecked | F62: Unchecked | G62: Female | H62: 74 | I62: Not Hispanic or Latino | J62: Black or African American | K62: 21.4 | L62: No | N62: No | O62: No | Q62: Yes | R62: No | S62: No | T62: No | U62: No | V62: No | W62: No
A63: 1205 | B63: Replacement Aortic Valve, ERAS Coronary Artery Bypass Graft | C63: Checked | D63: Unchecked | E63: Unchecked | F63: Unchecked | G63: Female | H63: 64 | I63: Not Hispanic or Latino | J63: White | K63: 37.1 | L63: No | N63: Yes | O63: No | Q63: Yes | R63: No | S63: Yes | T63: No | U63: No | V63: No | W63: No
A64: 1207 | B64: Revision Aortic Valve Replacement Replacement Aortic Root (Aortic root enlargement) | C64: Unchecked | D64: Checked | E64: Unchecked | F64: Unchecked | G64: Female | H64: 69 | I64: Not Hispanic or Latino | J64: Black or African American | K64: 27 | L64: Yes | M64: No | N64: No | O64: No | Q64: Yes | R64: No | S64: Yes | T64: No | U64: No | V64: No | W64: No
A65: 1210 | B65: Coronary Artery Bypass Graft | C65: Checked | D65: Unchecked | E65: Unchecked | F65: Unchecked | G65: Male | H65: 59 | I65: Not Hispanic or Latino | J65: White | K65: 27.5 | L65: No | N65: No | O65: No | Q65: Yes | R65: No | S65: Yes | T65: No | U65: No | V65: No | W65: No
A66: 1226 | B66: Revision Aortic Valve Replacement Replacement Mitral Valve Coronary Artery Bypass Graft | C66: Checked | D66: Unchecked | E66: Unchecked | F66: Unchecked | G66: Male | H66: 58 | I66: Not Hispanic or Latino | J66: Black or African American | K66: 24.5 | L66: No | N66: No | O66: No | Q66: Yes | R66: No | S66: No | T66: No | U66: No | V66: No | W66: Yes
A67: 1227 | B67: REPAIR MITRAL VALVE AMPUTATION LEFT ATRIAL APPENDAGE | C67: Unchecked | D67: Checked | E67: Unchecked | F67: Unchecked | G67: Female | H67: 53 | I67: Not Hispanic or Latino | J67: White | K67: 40.3 | L67: No | N67: No | O67: No | Q67: No | R67: No | S67: No | T67: No | U67: No | V67: No | W67: No
A68: 1235 | B68: REOPERATIVE REPAIR MITRAL VALVE | C68: Unchecked | D68: Checked | E68: Unchecked | F68: Unchecked | G68: Male | H68: 25 | I68: Not Hispanic or Latino | J68: Asian | K68: 19 | L68: No | N68: No | O68: No | Q68: No | R68: No | S68: No | T68: No | U68: No | V68: No | W68: No
A69: 1245 | B69: CORONARY ARTERY BYPASS GRAFT x5 w/ BIMA, LEFT RADIAL ARTERY HARVEST, LEFT ENDOSCOPIC SAPHENOUS VEIN HARVEST | C69: Checked | D69: Unchecked | E69: Unchecked | F69: Unchecked | G69: Female | H69: 47 | I69: Not Hispanic or Latino | J69: White | K69: 32.8 | L69: No | N69: No | O69: No | Q69: Yes | R69: No | S69: Yes | T69: No | U69: No | V69: No | W69: No
A70: 1258 | B70: Coronary Artery Bypass Graft | C70: Checked | D70: Unchecked | E70: Unchecked | F70: Unchecked | G70: Female | H70: 76 | I70: Not Hispanic or Latino | J70: White | K70: 37.8 | L70: Yes | M70: No | N70: Yes | O70: No | Q70: Yes | R70: Yes | S70: Yes | T70: No | U70: No | V70: No | W70: No
A71: 1300 | B71: coronary artery bypass graft/LIMA, left radial and veins HARVESTING RADIAL ARTERY | C71: Checked | D71: Unchecked | E71: Unchecked | F71: Unchecked | G71: Female | H71: 46 | I71: Hispanic or Latino | J71: White | K71: 24.2 | L71: Yes | M71: Yes | N71: Yes | O71: No | Q71: Yes | R71: No | S71: Yes | T71: No | U71: No | V71: No | W71: No
A72: 1306 | B72: RESECTION PERICARDIAL MASS | C72: Unchecked | D72: Unchecked | E72: Unchecked | F72: Unchecked | G72: Female | H72: 49 | I72: Not Hispanic or Latino | J72: White | K72: 37.7 | L72: Yes | M72: Yes | N72: No | O72: No | Q72: No | R72: No | S72: Yes | T72: Yes | U72: No | V72: No | W72: No
A73: 1309 | B73: Mitral valve replacement (a 27 mm St. Jude mechanical prosthesis) and resection of left atrial appendage | C73: Unchecked | D73: Unchecked | E73: Unchecked | F73: Unchecked | G73: Female | H73: 47 | I73: Not Hispanic or Latino | J73: Asian | K73: 26.8 | L73: No | N73: No | O73: No | Q73: No | R73: No | S73: No | T73: No | U73: No | V73: No | W73: No
A74: 1315 | B74: REPLACEMENT AORTIC VALVE, ERAS REPLACEMENT ASCENDING AORTA | C74: Unchecked | D74: Checked | E74: Unchecked | F74: Unchecked | G74: Male | H74: 46 | I74: Not Hispanic or Latino | J74: White | K74: 25.8 | L74: Yes | M74: Yes | N74: No | O74: No | Q74: No | R74: No | S74: No | T74: No | U74: No | V74: No | W74: No
A75: 1321 | B75: REPLACEMENT AORTIC VALVE, ERAS REPLACE ANEURYSM ASCENDING AORTA | C75: Unchecked | D75: Checked | E75: Unchecked | F75: Unchecked | G75: Male | H75: 45 | I75: Not Hispanic or Latino | J75: White | K75: 37.5 | L75: Yes | M75: No | N75: No | O75: No | Q75: Yes | R75: No | S75: No | T75: No | U75: No | V75: No | W75: No
A76: 1337 | B76: CORONARY ARTERY BYPASS GRAFT x2, ERAS, LIMA, LEFT LEG ENDOSCOPIC SAPHENOUS VEIN HARVEST | C76: Checked | D76: Unchecked | E76: Unchecked | F76: Unchecked | G76: Female | H76: 34 | I76: Not Hispanic or Latino | J76: White | K76: 41.8 | L76: No | N76: Yes | O76: No | Q76: Yes | R76: No | S76: No | T76: No | U76: No | V76: No | W76: No

Sheet Original Count data
A1: file | B1: FlowCut-passed/Cells|count | C1: FlowCut-passed/Cells/Single Cells|count | D1: FlowCut-passed/Cells/Single Cells/Live Cells|count | E1: FlowCut-passed/Cells/Single Cells/Live Cells/CD45+|count | F1: FlowCut-passed/Cells/Single Cells/Live Cells/CD45+/CD3-/CD34+|count | G1: FlowCut-passed/Cells/Single Cells/Live Cells/CD45+/CD3-/CD34+/CD4-CD56-|count | H1: FlowCut-passed/Cells/Single Cells/Live Cells/CD45+/CD3-/CD34+/CD4-CD56-/CD20-CD123-|count | I1: FlowCut-passed/Cells/Single Cells/Live Cells/CD45+/CD3-/CD34+/CD4-CD56-/CD20-CD123-/CD14-CD16-|count | J1: FlowCut-passed/Cells/Single Cells/Live Cells/CD45+/CD3-/CD34+/CD4-CD56-/CD20-CD123-/CD14-CD16-/CD11b-CD11c-|count | K1: FlowCut-passed/Cells/Single Cells/Live Cells/CD45+/CD3-/CD34+/CD4-CD56-/CD20-CD123-/CD14-CD16-/CD11b-CD11c-/CD34+CD38-|count | L1: FlowCut-passed/Cells/Single Cells/Live Cells/CD45+/CD3-/CD34+/CD4-CD56-/CD20-CD123-/CD14-CD16-/CD11b-CD11c-/CD34+CD38+|count | M1: FlowCut-passed/Cells/Single Cells/Live Cells/CD45+/CD3-/CD34+/CD4-CD56-/CD20-CD123-/CD14-CD16-/CD11b-CD11c-/CD34+CD38+/Pro-B|count | N1: FlowCut-passed/Cells/Single Cells/Live Cells/CD45+/CD3-/CD34+/CD4-CD56-/CD20-CD123-/CD14-CD16-/CD11b-CD11c-/CD34+CD38+/Pre-pro-B|count | O1: FlowCut-passed/Cells/Single Cells/Live Cells/CD45+/CD3-/CD34-|count | P1: FlowCut-passed/Cells/Single Cells/Live Cells/CD45+/CD3-/CD34-/B Cells|count | Q1: FlowCut-passed/Cells/Single Cells/Live Cells/CD45+/CD3-/CD34-/CD19-/CD20-|count | R1: FlowCut-passed/Cells/Single Cells/Live Cells/CD45+/CD3-/CD34-/CD19-/CD20-/Early NK|count | S1: FlowCut-passed/Cells/Single Cells/Live Cells/CD45+/CD3-/CD34-/CD19-/CD20-/Mature NK|count | T1: FlowCut-passed/Cells/Single Cells/Live Cells/CD45+/CD3-/CD34-/CD19-/CD20-/Non-Classical Monocyte|count | U1: FlowCut-passed/Cells/Single Cells/Live Cells/CD45+/CD3-/CD34-/CD19-/CD20-/Classical Monocyte|count | V1: FlowCut-passed/Cells/Single Cells/Live Cells/CD45+/CD3-/CD34-/CD19-/CD20-/CD14+/HLA-DR-|count | W1: FlowCut-passed/Cells/Single Cells/Live Cells/CD45+/CD3-/CD34-/CD19-/CD20-/CD14+/HLA-DR-/MDSC-like|count | X1: FlowCut-passed/Cells/Single Cells/Live Cells/CD45+/CD3-/CD34-/CD19-/CD20-/Dendritic Cells|count | Y1: FlowCut-passed/Cells/Single Cells/Live Cells/CD45+/CD3-/CD34-/CD19-/CD20-/Dendritic Cells/pDC|count | Z1: FlowCut-passed/Cells/Single Cells/Live Cells/CD45+/CD3-/CD34-/CD19-/CD20-/Dendritic Cells/cDC|count | AA1: FlowCut-passed/Cells/Single Cells/Live Cells/CD45+/CD3-/CD34-/CD19-/CD20-/Dendritic Cells/cDC/CD16+ cDC|count | AB1: FlowCut-passed/Cells/Single Cells/Live Cells/CD45+/CD3-/CD34-/CD19-/CD20-/Dendritic Cells/cDC/CD16- cDC|count | AC1: FlowCut-passed/Cells/Single Cells/Live Cells/CD45+/CD3-/CD34-/CD19-/CD20-/CD14-/HLA-DR-|count | AD1: FlowCut-passed/Cells/Single Cells/Live Cells/CD45+/CD3-/CD34-/CD19-/CD20-/CD14-/HLA-DR-/ILC|count | AE1: FlowCut-passed/Cells/Single Cells/Live Cells/CD45+/CD3+/CD34-|count | AF1: FlowCut-passed/Cells/Single Cells/Live Cells/CD45+/CD3+/CD34-/TCRab+|count | AG1: FlowCut-passed/Cells/Single Cells/Live Cells/CD45+/CD3+/CD34-/TCRab+/NKT CD8-|count | AH1: FlowCut-passed/Cells/Single Cells/Live Cells/CD45+/CD3+/CD34-/TCRab+/NKT CD8+|count | AI1: FlowCut-passed/Cells/Single Cells/Live Cells/CD45+/CD3+/CD34-/TCRab+/T Cell|count | AJ1: FlowCut-passed/Cells/Single Cells/Live Cells/CD45+/CD3+/CD34-/TCRab+/T Cell/CD4+ T cell|count | AK1: FlowCut-passed/Cells/Single Cells/Live Cells/CD45+/CD3+/CD34-/TCRab+/T Cell/CD4+ T cell/Tregs|count | AL1: FlowCut-passed/Cells/Single Cells/Live Cells/CD45+/CD3+/CD34-/TCRab+/T Cell/CD4+ T cell/CD4+/CD197+|count | AM1: FlowCut-passed/Cells/Single Cells/Live Cells/CD45+/CD3+/CD34-/TCRab+/T Cell/CD4+ T cell/CD4+/CD197+/Naive CD4+ T Cell|count | AN1: FlowCut-passed/Cells/Single Cells/Live Cells/CD45+/CD3+/CD34-/TCRab+/T Cell/CD4+ T cell/CD4+/CD197+/Central Memory CD4+ T Cell|count | AO1: FlowCut-passed/Cells/Single Cells/Live Cells/CD45+/CD3+/CD34-/TCRab+/T Cell/CD4+ T cell/CD4+/CD197-|count | AP1: FlowCut-passed/Cells/Single Cells/Live Cells/CD45+/CD3+/CD34-/TCRab+/T Cell/CD4+ T cell/CD4+/CD197-/Effector CD4+ T Cell|count | AQ1: FlowCut-passed/Cells/Single Cells/Live Cells/CD45+/CD3+/CD34-/TCRab+/T Cell/CD4+ T cell/CD279+/CD4+ T Cell|count | AR1: FlowCut-passed/Cells/Single Cells/Live Cells/CD45+/CD3+/CD34-/TCRab+/T Cell/CD4+ T cell/CD279+/CD4+ T Cell/CD4+ TPex|count | AS1: FlowCut-passed/Cells/Single Cells/Live Cells/CD45+/CD3+/CD34-/TCRab+/T Cell/CD8+ T Cell|count | AT1: FlowCut-passed/Cells/Single Cells/Live Cells/CD45+/CD3+/CD34-/TCRab+/T Cell/CD8+ T Cell/CD279+/CD8+ T Cell|count | AU1: FlowCut-passed/Cells/Single Cells/Live Cells/CD45+/CD3+/CD34-/TCRab+/T Cell/CD8+ T Cell/CD279+/CD8+ T Cell/CD8+ TPex|count | AV1: FlowCut-passed/Cells/Single Cells/Live Cells/CD45+/CD3+/CD34-/TCRab+/T Cell/CD8+ T Cell/CD197+/CD8+ T Cell|count | AW1: FlowCut-passed/Cells/Single Cells/Live Cells/CD45+/CD3+/CD34-/TCRab+/T Cell/CD8+ T Cell/CD197+/CD8+ T Cell/Central Memory CD8+ T Cell|count | AX1: FlowCut-passed/Cells/Single Cells/Live Cells/CD45+/CD3+/CD34-/TCRab+/T Cell/CD8+ T Cell/CD197+/CD8+ T Cell/Naive CD8+ T Cell|count | AY1: FlowCut-passed/Cells/Single Cells/Live Cells/CD45+/CD3+/CD34-/TCRab+/T Cell/CD8+ T Cell/CD197-/CD8+ T Cell|count | AZ1: FlowCut-passed/Cells/Single Cells/Live Cells/CD45+/CD3+/CD34-/TCRab+/T Cell/CD8+ T Cell/CD197-/CD8+ T Cell/Effector CD8+ T Cell|count | BA1: FlowCut-passed/Cells/Single Cells/Live Cells/CD45+/CD3+/CD34-/gd T cell|count
A2: SBM1001.fcs | B2: 277764 | C2: 265500 | D2: 262632 | E2: 102216 | F2: 2698 | G2: 2649 | H2: 2482 | I2: 2472 | J2: 2463 | K2: 547 | L2: 1517 | M2: 53 | N2: 86 | O2: 38541 | P2: 7265 | Q2: 29957 | R2: 1300 | S2: 889 | T2: 1026 | U2: 13380 | V2: 5675 | W2: 5624 | X2: 8258 | Y2: 2276 | Z2: 5095 | AA2: 42 | AB2: 4884 | AC2: 5749 | AD2: 106 | AE2: 58069 | AF2: 55511 | AG2: 301 | AH2: 176 | AI2: 53861 | AJ2: 32786 | AK2: 130 | AL2: 19853 | AM2: 15656 | AN2: 3132 | AO2: 7645 | AP2: 6090 | AQ2: 1144 | AR2: 201 | AS2: 19694 | AT2: 1655 | AU2: 130 | AV2: 7234 | AW2: 298 | AX2: 6835 | AY2: 11340 | AZ2: 5716 | BA2: 154
A3: SBM1003.fcs | B3: 321845 | C3: 314310 | D3: 309191 | E3: 181785 | F3: 3329 | G3: 3197 | H3: 2976 | I3: 2935 | J3: 2904 | K3: 1162 | L3: 407 | M3: 9 | N3: 20 | O3: 90578 | P3: 35124 | Q3: 51872 | R3: 1659 | S3: 927 | T3: 2509 | U3: 21579 | V3: 11303 | W3: 10861 | X3: 13356 | Y3: 2863 | Z3: 8637 | AA3: 317 | AB3: 6310 | AC3: 9556 | AD3: 122 | AE3: 82123 | AF3: 75753 | AG3: 618 | AH3: 651 | AI3: 72429 | AJ3: 46060 | AK3: 125 | AL3: 38228 | AM3: 36081 | AN3: 1486 | AO3: 5701 | AP3: 2403 | AQ3: 5549 | AR3: 3054 | AS3: 24060 | AT3: 3824 | AU3: 736 | AV3: 8187 | AW3: 89 | AX3: 7976 | AY3: 15216 | AZ3: 788 | BA3: 165
A4: SBM1004.fcs | B4: 303378 | C4: 294206 | D4: 293104 | E4: 123429 | F4: 1998 | G4: 1955 | H4: 1890 | I4: 1861 | J4: 1855 | K4: 613 | L4: 927 | M4: 22 | N4: 32 | O4: 29560 | P4: 2362 | Q4: 26672 | R4: 1932 | S4: 3761 | T4: 4628 | U4: 9325 | V4: 247 | W4: 234 | X4: 3798 | Y4: 831 | Z4: 2116 | AA4: 104 | AB4: 1905 | AC4: 12819 | AD4: 385 | AE4: 89371 | AF4: 81626 | AG4: 368 | AH4: 1572 | AI4: 77563 | AJ4: 35933 | AK4: 693 | AL4: 11210 | AM4: 2531 | AN4: 7689 | AO4: 22284 | AP4: 22077 | AQ4: 1226 | AR4: 243 | AS4: 38816 | AT4: 5337 | AU4: 346 | AV4: 764 | AW4: 401 | AX4: 306 | AY4: 37407 | AZ4: 14084 | BA4: 126
A5: SBM1008.fcs | B5: 47011 | C5: 45318 | D5: 44254 | E5: 27384 | F5: 190 | G5: 182 | H5: 169 | I5: 165 | J5: 163 | K5: 44 | L5: 104 | M5: 0 | N5: 0 | O5: 13407 | P5: 3105 | Q5: 9778 | R5: 647 | S5: 266 | T5: 438 | U5: 4268 | V5: 564 | W5: 516 | X5: 2355 | Y5: 374 | Z5: 1642 | AA5: 13 | AB5: 1617 | AC5: 2487 | AD5: 61 | AE5: 13320 | AF5: 12779 | AG5: 221 | AH5: 168 | AI5: 11903 | AJ5: 9575 | AK5: 12 | AL5: 7111 | AM5: 2140 | AN5: 4244 | AO5: 1849 | AP5: 1802 | AQ5: 826 | AR5: 357 | AS5: 2032 | AT5: 325 | AU5: 91 | AV5: 1281 | AW5: 85 | AX5: 1159 | AY5: 679 | AZ5: 496 | BA5: 3
A6: SBM1010.fcs | B6: 284997 | C6: 278506 | D6: 276399 | E6: 216305 | F6: 548 | G6: 536 | H6: 501 | I6: 496 | J6: 491 | K6: 114 | L6: 272 | M6: 3 | N6: 0 | O6: 124747 | P6: 20381 | Q6: 102697 | R6: 3254 | S6: 8529 | T6: 16692 | U6: 57126 | V6: 23217 | W6: 23059 | X6: 10814 | Y6: 1135 | Z6: 8786 | AA6: 3198 | AB6: 4026 | AC6: 28333 | AD6: 165 | AE6: 88203 | AF6: 84921 | AG6: 1050 | AH6: 568 | AI6: 79921 | AJ6: 35897 | AK6: 330 | AL6: 18789 | AM6: 6577 | AN6: 10997 | AO6: 15251 | AP6: 14633 | AQ6: 5380 | AR6: 1510 | AS6: 40007 | AT6: 7521 | AU6: 1434 | AV6: 7200 | AW6: 1680 | AX6: 5258 | AY6: 31488 | AZ6: 14743 | BA6: 49
A7: SBM1012.fcs | B7: 270926 | C7: 265202 | D7: 261135 | E7: 167832 | F7: 1547 | G7: 1516 | H7: 1454 | I7: 1439 | J7: 1432 | K7: 639 | L7: 612 | M7: 16 | N7: 20 | O7: 100530 | P7: 24253 | Q7: 71034 | R7: 2153 | S7: 2647 | T7: 4370 | U7: 27309 | V7: 9535 | W7: 9282 | X7: 21634 | Y7: 4506 | Z7: 13647 | AA7: 155 | AB7: 12386 | AC7: 15506 | AD7: 214 | AE7: 63098 | AF7: 60720 | AG7: 522 | AH7: 519 | AI7: 57375 | AJ7: 25309 | AK7: 208 | AL7: 12451 | AM7: 7555 | AN7: 3972 | AO7: 10943 | AP7: 10584 | AQ7: 2019 | AR7: 434 | AS7: 29360 | AT7: 5302 | AU7: 760 | AV7: 12353 | AW7: 888 | AX7: 11077 | AY7: 15587 | AZ7: 10183 | BA7: 21
A8: SBM1013.fcs | B8: 36817 | C8: 34554 | D8: 33806 | E8: 10634 | F8: 215 | G8: 215 | H8: 203 | I8: 203 | J8: 203 | K8: 119 | L8: 60 | M8: 8 | N8: 4 | O8: 5790 | P8: 1094 | Q8: 4532 | R8: 435 | S8: 813 | T8: 923 | U8: 785 | V8: 219 | W8: 182 | X8: 892 | Y8: 130 | Z8: 596 | AA8: 59 | AB8: 458 | AC8: 2512 | AD8: 10 | AE8: 4397 | AF8: 4172 | AG8: 68 | AH8: 103 | AI8: 3741 | AJ8: 2651 | AK8: 12 | AL8: 1277 | AM8: 241 | AN8: 956 | AO8: 1103 | AP8: 1096 | AQ8: 206 | AR8: 74 | AS8: 939 | AT8: 227 | AU8: 66 | AV8: 190 | AW8: 75 | AX8: 105 | AY8: 693 | AZ8: 438 | BA8: 3
A9: SBM1014.fcs | B9: 112228 | C9: 110574 | D9: 108857 | E9: 49789 | F9: 975 | G9: 936 | H9: 914 | I9: 908 | J9: 907 | K9: 749 | L9: 26 | M9: 0 | N9: 0 | O9: 20845 | P9: 3782 | Q9: 16514 | R9: 2447 | S9: 1124 | T9: 1219 | U9: 6527 | V9: 4609 | W9: 4424 | X9: 2183 | Y9: 369 | Z9: 955 | AA9: 167 | AB9: 646 | AC9: 6180 | AD9: 94 | AE9: 27126 | AF9: 25648 | AG9: 195 | AH9: 1019 | AI9: 23619 | AJ9: 17982 | AK9: 56 | AL9: 13351 | AM9: 6052 | AN9: 5873 | AO9: 3827 | AP9: 3768 | AQ9: 1661 | AR9: 438 | AS9: 5083 | AT9: 1141 | AU9: 231 | AV9: 409 | AW9: 127 | AX9: 257 | AY9: 4579 | AZ9: 3318 | BA9: 7
A10: SBM1015.fcs | B10: 34385 | C10: 33666 | D10: 33296 | E10: 27707 | F10: 21 | G10: 21 | H10: 18 | I10: 18 | J10: 17 | K10: 7 | L10: 9 | M10: 0 | N10: 0 | O10: 9378 | P10: 650 | Q10: 8646 | R10: 486 | S10: 957 | T10: 1716 | U10: 4430 | V10: 2388 | W10: 2368 | X10: 585 | Y10: 193 | Z10: 357 | AA10: 160 | AB10: 166 | AC10: 3158 | AD10: 14 | AE10: 18081 | AF10: 17641 | AG10: 104 | AH10: 15 | AI10: 17232 | AJ10: 12711 | AK10: 47 | AL10: 8536 | AM10: 4280 | AN10: 3552 | AO10: 3064 | AP10: 2988 | AQ10: 669 | AR10: 502 | AS10: 4126 | AT10: 165 | AU10: 136 | AV10: 3792 | AW10: 67 | AX10: 3653 | AY10: 200 | AZ10: 146 | BA10: 2
A11: SBM1016.fcs | B11: 68990 | C11: 66382 | D11: 62287 | E11: 24096 | F11: 2069 | G11: 2063 | H11: 2052 | I11: 2051 | J11: 2051 | K11: 1541 | L11: 330 | M11: 0 | N11: 3 | O11: 9198 | P11: 1354 | Q11: 7746 | R11: 485 | S11: 230 | T11: 662 | U11: 2203 | V11: 566 | W11: 491 | X11: 1667 | Y11: 720 | Z11: 660 | AA11: 262 | AB11: 369 | AC11: 3017 | AD11: 35 | AE11: 12328 | AF11: 11598 | AG11: 134 | AH11: 524 | AI11: 10499 | AJ11: 6185 | AK11: 10 | AL11: 4949 | AM11: 711 | AN11: 3833 | AO11: 1000 | AP11: 984 | AQ11: 741 | AR11: 395 | AS11: 3931 | AT11: 1005 | AU11: 184 | AV11: 594 | AW11: 386 | AX11: 164 | AY11: 3159 | AZ11: 2169 | BA11: 14
A12: SBM1020.fcs | B12: 120938 | C12: 118043 | D12: 117453 | E12: 95879 | F12: 1432 | G12: 1414 | H12: 1371 | I12: 1362 | J12: 1361 | K12: 806 | L12: 380 | M12: 26 | N12: 6 | O12: 40720 | P12: 4743 | Q12: 34778 | R12: 1331 | S12: 1857 | T12: 4280 | U12: 16106 | V12: 7580 | W12: 7465 | X12: 3794 | Y12: 601 | Z12: 2570 | AA12: 476 | AB12: 1879 | AC12: 12354 | AD12: 58 | AE12: 52416 | AF12: 50097 | AG12: 724 | AH12: 513 | AI12: 46234 | AJ12: 25558 | AK12: 655 | AL12: 14495 | AM12: 3917 | AN12: 9535 | AO12: 9685 | AP12: 9643 | AQ12: 2797 | AR12: 720 | AS12: 18289 | AT12: 4047 | AU12: 967 | AV12: 4293 | AW12: 1267 | AX12: 2868 | AY12: 12911 | AZ12: 8578 | BA12: 73
A13: SBM1021.fcs | B13: 36221 | C13: 34723 | D13: 34052 | E13: 25348 | F13: 1 | G13: 1 | H13: 0 | I13: 0 | J13: 0 | K13: 0 | L13: 0 | M13: 0 | N13: 0 | O13: 8936 | P13: 2132 | Q13: 6627 | R13: 753 | S13: 2379 | T13: 3468 | U13: 552 | V13: 116 | W13: 85 | X13: 1790 | Y13: 25 | Z13: 263 | AA13: 83 | AB13: 154 | AC13: 3893 | AD13: 49 | AE13: 16346 | AF13: 14272 | AG13: 499 | AH13: 99 | AI13: 12810 | AJ13: 10079 | AK13: 45 | AL13: 4337 | AM13: 1711 | AN13: 2272 | AO13: 4664 | AP13: 4636 | AQ13: 835 | AR13: 582 | AS13: 2184 | AT13: 136 | AU13: 122 | AV13: 605 | AW13: 217 | AX13: 365 | AY13: 1283 | AZ13: 1030 | BA13: 15
... A76: SBM1337.fcs | B76: 50067 | C76: 47421 | D76: 43820 | E76: 22368 | F76: 361 | G76: 358 | H76: 335 | I76: 335 | J76: 332 | K76: 190 | L76: 75 | M76: 0 | N76: 2 | O76: 11444 | P76: 1689 | Q76: 9435 | R76: 314 | S76: 58 | T76: 203 | U76: 3044 | V76: 537 | W76: 424 | X76: 3699 | Y76: 365 | Z76: 2831 | AA76: 45 | AB76: 2686 | AC76: 1665 | AD76: 54 | AE76: 10116 | AF76: 9168 | AG76: 86 | AH76: 28 | AI76: 8623 | AJ76: 4259 | AK76: 11 | AL76: 1376 | AM76: 475 | AN76: 770 | AO76: 2608 | AP76: 2580 | AQ76: 261 | AR76: 107 | AS76: 3537 | AT76: 1024 | AU76: 148 | AV76: 1250 | AW76: 215 | AX76: 947 | AY76: 2143 | AZ76: 1339 | BA76: 2

Sheet Merged
A1: Record ID | B1: Procedure(s) - notes | C1: Primary pre-operative diagnosis - checkboxes (choice=Coronary artery disease) | D1: Primary pre-operative diagnosis - checkboxes (choice=Valve disease) | E1: Primary pre-operative diagnosis - checkboxes (choice=Endocarditis) | F1: Primary pre-operative diagnosis - checkboxes (choice=Heart failure) | G1: Sex assigned at birth | H1: Age at enrollment | I1: Ethnicity | J1: Race | K1: BMI | L1: Smoking | M1: Current smoker | N1: Diabetes | O1: History of cancer | P1: Cancer type, years since treatment, other | Q1: Hypertension | R1: Peripheral vascular disease | S1: Hyperlipidemia | T1: Stroke | U1: Hypothyroidism | V1: Autoimmune disease | W1: History of thrombosis/pulmonary embolism | X1: file | Y1: FlowCut-passed/Cells|count | Z1: FlowCut-passed/Cells/Single Cells|count | AA1: FlowCut-passed/Cells/Single Cells/Live Cells|count | AB1: FlowCut-passed/Cells/Single Cells/Live Cells/CD45+|count | AC1: FlowCut-passed/Cells/Single Cells/Live Cells/CD45+/CD3-/CD34+|count | AD1: FlowCut-passed/Cells/Single Cells/Live Cells/CD45+/CD3-/CD34+/CD4-CD56-|count | AE1: FlowCut-passed/Cells/Single Cells/Live Cells/CD45+/CD3-/CD34+/CD4-CD56-/CD20-CD123-|count | AF1: FlowCut-passed/Cells/Single Cells/Live Cells/CD45+/CD3-/CD34+/CD4-CD56-/CD20-CD123-/CD14-CD16-|count | AG1: FlowCut-passed/Cells/Single Cells/Live Cells/CD45+/CD3-/CD34+/CD4-CD56-/CD20-CD123-/CD14-CD16-/CD11b-CD11c-|count | AH1: FlowCut-passed/Cells/Single Cells/Live Cells/CD45+/CD3-/CD34+/CD4-CD56-/CD20-CD123-/CD14-CD16-/CD11b-CD11c-/CD34+CD38-|count | AI1: FlowCut-passed/Cells/Single Cells/Live Cells/CD45+/CD3-/CD34+/CD4-CD56-/CD20-CD123-/CD14-CD16-/CD11b-CD11c-/CD34+CD38+|count | AJ1: FlowCut-passed/Cells/Single Cells/Live Cells/CD45+/CD3-/CD34+/CD4-CD56-/CD20-CD123-/CD14-CD16-/CD11b-CD11c-/CD34+CD38+/Pro-B|count | AK1: FlowCut-passed/Cells/Single Cells/Live Cells/CD45+/CD3-/CD34+/CD4-CD56-/CD20-CD123-/CD14-CD16-/CD11b-CD11c-/CD34+CD38+/Pre-pro-B|count | AL1: FlowCut-passed/Cells/Single Cells/Live Cells/CD45+/CD3-/CD34-|count | AM1: FlowCut-passed/Cells/Single Cells/Live Cells/CD45+/CD3-/CD34-/B Cells|count | AN1: FlowCut-passed/Cells/Single Cells/Live Cells/CD45+/CD3-/CD34-/CD19-/CD20-|count | AO1: FlowCut-passed/Cells/Single Cells/Live Cells/CD45+/CD3-/CD34-/CD19-/CD20-/Early NK|count | AP1: FlowCut-passed/Cells/Single Cells/Live Cells/CD45+/CD3-/CD34-/CD19-/CD20-/Mature NK|count | AQ1: FlowCut-passed/Cells/Single Cells/Live Cells/CD45+/CD3-/CD34-/CD19-/CD20-/Non-Classical Monocyte|count | AR1: FlowCut-passed/Cells/Single Cells/Live Cells/CD45+/CD3-/CD34-/CD19-/CD20-/Classical Monocyte|count | AS1: FlowCut-passed/Cells/Single Cells/Live Cells/CD45+/CD3-/CD34-/CD19-/CD20-/CD14+/HLA-DR-|count | AT1: FlowCut-passed/Cells/Single Cells/Live Cells/CD45+/CD3-/CD34-/CD19-/CD20-/CD14+/HLA-DR-/MDSC-like|count | AU1: FlowCut-passed/Cells/Single Cells/Live Cells/CD45+/CD3-/CD34-/CD19-/CD20-/Dendritic Cells|count | AV1: FlowCut-passed/Cells/Single Cells/Live Cells/CD45+/CD3-/CD34-/CD19-/CD20-/Dendritic Cells/pDC|count | AW1: FlowCut-passed/Cells/Single Cells/Live Cells/CD45+/CD3-/CD34-/CD19-/CD20-/Dendritic Cells/cDC|count | AX1: FlowCut-passed/Cells/Single Cells/Live Cells/CD45+/CD3-/CD34-/CD19-/CD20-/Dendritic Cells/cDC/CD16+ cDC|count | AY1: FlowCut-passed/Cells/Single Cells/Live Cells/CD45+/CD3-/CD34-/CD19-/CD20-/Dendritic Cells/cDC/CD16- cDC|count | AZ1: FlowCut-passed/Cells/Single Cells/Live Cells/CD45+/CD3-/CD34-/CD19-/CD20-/CD14-/HLA-DR-|count | BA1: FlowCut-passed/Cells/Single Cells/Live Cells/CD45+/CD3-/CD34-/CD19-/CD20-/CD14-/HLA-DR-/ILC|count | BB1: FlowCut-passed/Cells/Single Cells/Live Cells/CD45+/CD3+/CD34-|count | BC1: FlowCut-passed/Cells/Single Cells/Live Cells/CD45+/CD3+/CD34-/TCRab+|count | BD1: FlowCut-passed/Cells/Single Cells/Live Cells/CD45+/CD3+/CD34-/TCRab+/NKT CD8-|count | BE1: FlowCut-passed/Cells/Single Cells/Live Cells/CD45+/CD3+/CD34-/TCRab+/NKT CD8+|count | BF1: FlowCut-passed/Cells/Single Cells/Live Cells/CD45+/CD3+/CD34-/TCRab+/T Cell|count | BG1: FlowCut-passed/Cells/Single Cells/Live Cells/CD45+/CD3+/CD34-/TCRab+/T Cell/CD4+ T cell|count | BH1: FlowCut-passed/Cells/Single Cells/Live Cells/CD45+/CD3+/CD34-/TCRab+/T Cell/CD4+ T cell/Tregs|count | BI1: FlowCut-passed/Cells/Single Cells/Live Cells/CD45+/CD3+/CD34-/TCRab+/T Cell/CD4+ T cell/CD4+/CD197+|count | BJ1: FlowCut-passed/Cells/Single Cells/Live Cells/CD45+/CD3+/CD34-/TCRab+/T Cell/CD4+ T cell/CD4+/CD197+/Naive CD4+ T Cell|count | BK1: FlowCut-passed/Cells/Single Cells/Live Cells/CD45+/CD3+/CD34-/TCRab+/T Cell/CD4+ T cell/CD4+/CD197+/Central Memory CD4+ T Cell|count | BL1: FlowCut-passed/Cells/Single Cells/Live Cells/CD45+/CD3+/CD34-/TCRab+/T Cell/CD4+ T cell/CD4+/CD197-|count | BM1: FlowCut-passed/Cells/Single Cells/Live Cells/CD45+/CD3+/CD34-/TCRab+/T Cell/CD4+ T cell/CD4+/CD197-/Effector CD4+ T Cell|count | BN1: FlowCut-passed/Cells/Single Cells/Live Cells/CD45+/CD3+/CD34-/TCRab+/T Cell/CD4+ T cell/CD279+/CD4+ T Cell|count | BO1: FlowCut-passed/Cells/Single Cells/Live Cells/CD45+/CD3+/CD34-/TCRab+/T Cell/CD4+ T cell/CD279+/CD4+ T Cell/CD4+ TPex|count | BP1: FlowCut-passed/Cells/Single Cells/Live Cells/CD45+/CD3+/CD34-/TCRab+/T Cell/CD8+ T Cell|count | BQ1: FlowCut-passed/Cells/Single Cells/Live Cells/CD45+/CD3+/CD34-/TCRab+/T Cell/CD8+ T Cell/CD279+/CD8+ T Cell|count | BR1: FlowCut-passed/Cells/Single Cells/Live Cells/CD45+/CD3+/CD34-/TCRab+/T Cell/CD8+ T Cell/CD279+/CD8+ T Cell/CD8+ TPex|count | BS1: FlowCut-passed/Cells/Single Cells/Live Cells/CD45+/CD3+/CD34-/TCRab+/T Cell/CD8+ T Cell/CD197+/CD8+ T Cell|count | BT1: FlowCut-passed/Cells/Single Cells/Live Cells/CD45+/CD3+/CD34-/TCRab+/T Cell/CD8+ T Cell/CD197+/CD8+ T Cell/Central Memory CD8+ T Cell|count | BU1: FlowCut-passed/Cells/Single Cells/Live Cells/CD45+/CD3+/CD34-/TCRab+/T Cell/CD8+ T Cell/CD197+/CD8+ T Cell/Naive CD8+ T Cell|count | BV1: FlowCut-passed/Cells/Single Cells/Live Cells/CD45+/CD3+/CD34-/TCRab+/T Cell/CD8+ T Cell/CD197-/CD8+ T Cell|count | BW1: FlowCut-passed/Cells/Single Cells/Live Cells/CD45+/CD3+/CD34-/TCRab+/T Cell/CD8+ T Cell/CD197-/CD8+ T Cell/Effector CD8+ T Cell|count | BX1: FlowCut-passed/Cells/Single Cells/Live Cells/CD45+/CD3+/CD34-/gd T cell|count
A2: 1066 | B2: CORONARY ARTERY BYPASS GRAFT x 6 with BIMA and SVG, ENDOSCOPIC SAPHENOUS VEIN HARVEST BILATERAL LEGS | C2: Checked | D2: Unchecked | E2: Unchecked | F2: Unchecked | G2: Male | H2: 55 | I2: Not Hispanic or Latino | J2: White | K2: 31.1 | L2: No | N2: No | O2: No | Q2: No | R2: No | S2: Yes | T2: No | U2: No | V2: No | W2: No | X2: SBM1066.fcs | Y2: 137438 | Z2: 134002 | AA2: 128884 | AB2: 106643 | AC2: 61 | AD2: 60 | AE2: 57 | AF2: 56 | AG2: 53 | AH2: 19 | AI2: 28 | AJ2: 0 | AK2: 1 | AL2: 45445 | AM2: 10135 | AN2: 34601 | AO2: 614 | AP2: 216 | AQ2: 2254 | AR2: 24333 | AS2: 13588 | AT2: 12140 | AU2: 2310 | AV2: 100 | AW2: 1349 | AX2: 19 | AY2: 1281 | AZ2: 5553 | BA2: 239 | BB2: 60081 | BC2: 58737 | BD2: 3124 | BE2: 425 | BF2: 47576 | BG2: 27536 | BH2: 307 | BI2: 8699 | BJ2: 219 | BK2: 8348 | BL2: 16660 | BM2: 16637 | BN2: 9363 | BO2: 6646 | BP2: 14814 | BQ2: 8343 | BR2: 5066 | BS2: 3378 | BT2: 2715 | BU2: 495 | BV2: 10383 | BW2: 10165 | BX2: 15
A3: 1069 | B3: CORONARY ARTERY BYPASS GRAFT x2, LEFT SVG | C3: Checked | D3: Unchecked | E3: Unchecked | F3: Unchecked | G3: Female | H3: 62 | I3: Unavailable | J3: Unavailable | K3: 31.6 | L3: No | N3: No | O3: No | Q3: No | R3: No | S3: Yes | T3: No | U3: No | V3: No | W3: No | X3: SBM1069.fcs | Y3: 195514 | Z3: 191326 | AA3: 189278 | AB3: 151871 | AC3: 4779 | AD3: 4746 | AE3: 4568 | AF3: 4557 | AG3: 4547 | AH3: 1025 | AI3: 3020 | AJ3: 4 | AK3: 36 | AL3: 90157 | AM3: 23770 | AN3: 63914 | AO3: 1166 | AP3: 311 | AQ3: 1218 | AR3: 31700 | AS3: 7782 | AT3: 7581 | AU3: 18229 | AV3: 3851 | AW3: 11044 | AX3: 173 | AY3: 9862 | AZ3: 7980 | BA3: 122 | BB3: 53447 | BC3: 50207 | BD3: 275 | BE3: 290 | BF3: 48822 | BG3: 32990 | BH3: 108 | BI3: 26767 | BJ3: 7187 | BK3: 16646 | BL3: 5246 | BM3: 5064 | BN3: 3693 | BO3: 2360 | BP3: 14257 | BQ3: 2877 | BR3: 733 | BS3: 8560 | BT3: 1374 | BU3: 6395 | BV3: 5420 | BW3: 4024 | BX3: 204
A4: 1309 | B4: Mitral valve replacement (a 27 mm St. Jude mechanical prosthesis) and resection of left atrial appendage | C4: Unchecked | D4: Unchecked | E4: Unchecked | F4: Unchecked | G4: Female | H4: 47 | I4: Not Hispanic or Latino | J4: Asian | K4: 26.8 | L4: No | N4: No | O4: No | Q4: No | R4: No | S4: No | T4: No | U4: No | V4: No | W4: No | X4: SBM1309.fcs | Y4: 23831 | Z4: 22120 | AA4: 20852 | AB4: 12950 | AC4: 227 | AD4: 227 | AE4: 210 | AF4: 210 | AG4: 210 | AH4: 29 | AI4: 151 | AJ4: 12 | AK4: 0 | AL4: 6366 | AM4: 777 | AN4: 5320 | AO4: 170 | AP4: 157 | AQ4: 357 | AR4: 2174 | AS4: 119 | AT4: 90 | AU4: 1120 | AV4: 146 | AW4: 864 | AX4: 18 | AY4: 805 | AZ4: 1636 | BA4: 8 | BB4: 6169 | BC4: 5589 | BD4: 40 | BE4: 53 | BF4: 5284 | BG4: 2825 | BH4: 19 | BI4: 829 | BJ4: 355 | BK4: 423 | BL4: 1907 | BM4: 1895 | BN4: 524 | BO4: 68 | BP4: 2047 | BQ4: 432 | BR4: 70 | BS4: 575 | BT4: 56 | BU4: 503 | BV4: 1411 | BW4: 886 | BX4: 23
A5: 1090 | B5: MYECTOMY SEPTAL, ERAS | C5: Unchecked | D5: Unchecked | E5: Unchecked | F5: Unchecked | G5: Male | H5: 29 | I5: Not Hispanic or Latino | J5: White | K5: 26.2 | L5: No | N5: No | O5: No | Q5: No | R5: No | S5: No | T5: No | U5: No | V5: No | W5: No | X5: SBM1090.fcs | Y5: 41092 | Z5: 39807 | AA5: 35649 | AB5: 19175 | AC5: 41 | AD5: 41 | AE5: 38 | AF5: 38 | AG5: 38 | AH5: 10 | AI5: 21 | AJ5: 0 | AK5: 0 | AL5: 7660 | AM5: 1324 | AN5: 5952 | AO5: 440 | AP5: 438 | AQ5: 1323 | AR5: 1408 | AS5: 181 | AT5: 164 | AU5: 498 | AV5: 64 | AW5: 354 | AX5: 26 | AY5: 323 | AZ5: 3864 | BA5: 61 | BB5: 11359 | BC5: 10572 | BD5: 87 | BE5: 33 | BF5: 10151 | BG5: 6357 | BH5: 11 | BI5: 3529 | BJ5: 1224 | BK5: 1968 | BL5: 2414 | BM5: 2321 | BN5: 627 | BO5: 252 | BP5: 3091 | BQ5: 438 | BR5: 110 | BS5: 1389 | BT5: 296 | BU5: 953 | BV5: 1594 | BW5: 1191 | BX5: 75
A6: 1097 | B6: MYECTOMY SEPTAL(ERAS) | C6: Unchecked | D6: Checked | E6: Unchecked | F6: Unchecked | G6: Male | H6: 68 | I6: Not Hispanic or Latino | J6: White | K6: 37.4 | L6: No | N6: No | O6: No | Q6: No | R6: No | S6: Yes | T6: No | U6: No | V6: No | W6: Yes | X6: SBM1097.fcs | Y6: 241814 | Z6: 235966 | AA6: 231326 | AB6: 203103 | AC6: 561 | AD6: 555 | AE6: 519 | AF6: 518 | AG6: 518 | AH6: 261 | AI6: 207 | AJ6: 5 | AK6: 4 | AL6: 61057 | AM6: 15743 | AN6: 43266 | AO6: 2389 | AP6: 2167 | AQ6: 8253 | AR6: 15622 | AS6: 7357 | AT6: 7000 | AU6: 4079 | AV6: 567 | AW6: 2803 | AX6: 110 | AY6: 2555 | AZ6: 21514 | BA6: 188 | BB6: 140609 | BC6: 131588 | BD6: 435 | BE6: 1690 | BF6: 125826 | BG6: 37448 | BH6: 439 | BI6: 18452 | BJ6: 4486 | BK6: 12779 | BL6: 15065 | BM6: 14964 | BN6: 5618 | BO6: 908 | BP6: 83703 | BQ6: 13383 | BR6: 1164 | BS6: 5172 | BT6: 2123 | BU6: 2777 | BV6: 76629 | BW6: 53362 | BX6: 1213
A7: 1012 | B7: Reconstruction or replacement valve sparing aortic root | C7: Unchecked | D7: Unchecked | E7: Unchecked | F7: Unchecked | G7: Female | H7: 31 | I7: Unavailable | J7: Unavailable | K7: 18.3 | L7: No | N7: No | O7: No | Q7: No | R7: No | S7: No | T7: No | U7: No | V7: No | W7: No | X7: SBM1012.fcs | Y7: 270926 | Z7: 265202 | AA7: 261135 | AB7: 167832 | AC7: 1547 | AD7: 1516 | AE7: 1454 | AF7: 1439 | AG7: 1432 | AH7: 639 | AI7: 612 | AJ7: 16 | AK7: 20 | AL7: 100530 | AM7: 24253 | AN7: 71034 | AO7: 2153 | AP7: 2647 | AQ7: 4370 | AR7: 27309 | AS7: 9535 | AT7: 9282 | AU7: 21634 | AV7: 4506 | AW7: 13647 | AX7: 155 | AY7: 12386 | AZ7: 15506 | BA7: 214 | BB7: 63098 | BC7: 60720 | BD7: 522 | BE7: 519 | BF7: 57375 | BG7: 25309 | BH7: 208 | BI7: 12451 | BJ7: 7555 | BK7: 3972 | BL7: 10943 | BM7: 10584 | BN7: 2019 | BO7: 434 | BP7: 29360 | BQ7: 5302 | BR7: 760 | BS7: 12353 | BT7: 888 | BU7: 11077 | BV7: 15587 | BW7: 10183 | BX7: 21
A8: 1048 | B8: Removal of Right atrial foreing body, PARASTERNAL BLOCK REPAIR TRICUSPID VALVE | C8: Unchecked | D8: Checked | E8: Unchecked | F8: Unchecked | G8: Female | H8: 24 | I8: Not Hispanic or Latino | J8: White | K8: 25.4 | L8: No | N8: No | O8: No | Q8: No | R8: Yes | S8: No | T8: No | U8: No | V8: No | W8: No | X8: SBM1048.fcs | Y8: 148761 | Z8: 144702 | AA8: 136700 | AB8: 94801 | AC8: 74 | AD8: 67 | AE8: 59 | AF8: 59 | AG8: 59 | AH8: 12 | AI8: 40 | AJ8: 0 | AK8: 0 | AL8: 32910 | AM8: 7765 | AN8: 24615 | AO8: 1384 | AP8: 2647 | AQ8: 4320 | AR8: 9659 | AS8: 4074 | AT8: 3993 | AU8: 1735 | AV8: 365 | AW8: 1149 | AX8: 95 | AY8: 1023 | AZ8: 12211 | BA8: 176 | BB8: 61337 | BC8: 55718 | BD8: 535 | BE8: 373 | BF8: 53500 | BG8: 30299 | BH8: 64 | BI8: 19538 | BJ8: 7660 | BK8: 10219 | BL8: 8767 | BM8: 8712 | BN8: 2332 | BO8: 695 | BP8: 20453 | BQ8: 3134 | BR8: 466 | BS8: 11251 | BT8: 1902 | BU8: 8800 | BV8: 8324 | BW8: 6821 | BX8: 163
A9: 1235 | B9: REOPERATIVE REPAIR MITRAL VALVE | C9: Unchecked | D9: Checked | E9: Unchecked | F9: Unchecked | G9: Male | H9: 25 | I9: Not Hispanic or Latino | J9: Asian | K9: 19 | L9: No | N9: No | O9: No | Q9: No | R9: No | S9: No | T9: No | U9: No | V9: No | W9: No | X9: SBM1235.fcs | Y9: 36749 | Z9: 35528 | AA9: 35018 | AB9: 30431 | AC9: 31 | AD9: 31 | AE9: 28 | AF9: 28 | AG9: 28 | AH9: 10 | AI9: 13 | AJ9: 0 | AK9: 0 | AL9: 15334 | AM9: 2031 | AN9: 13003 | AO9: 887 | AP9: 2258 | AQ9: 3213 | AR9: 1897 | AS9: 273 | AT9: 254 | AU9: 737 | AV9: 161 | AW9: 489 | AX9: 137 | AY9: 226 | AZ9: 9501 | BA9: 46 | BB9: 14869 | BC9: 12930 | BD9: 21 | BE9: 45 | BF9: 12680 | BG9: 6439 | BH9: 44 | BI9: 2208 | BJ9: 886 | BK9: 1091 | BL9: 3551 | BM9: 3323 | BN9: 391 | BO9: 83 | BP9: 5725 | BQ9: 516 | BR9: 98 | BS9: 2156 | BT9: 119 | BU9: 1962 | BV9: 2943 | BW9: 1820 | BX9: 14
A10: 1001 | B10: Repair Mitral Valve | C10: Unchecked | D10: Checked | E10: Unchecked | F10: Unchecked | G10: Female | H10: 34 | I10: Not Hispanic or Latino | J10: White | K10: 23.9 | L10: No | N10: No | O10: No | Q10: No | R10: No | S10: No | T10: No | U10: No | V10: No | W10: No | X10: SBM1001.fcs | Y10: 277764 | Z10: 265500 | AA10: 262632 | AB10: 102216 | AC10: 2698 | AD10: 2649 | AE10: 2482 | AF10: 2472 | AG10: 2463 | AH10: 547 | AI10: 1517 | AJ10: 53 | AK10: 86 | AL10: 38541 | AM10: 7265 | AN10: 29957 | AO10: 1300 | AP10: 889 | AQ10: 1026 | AR10: 13380 | AS10: 5675 | AT10: 5624 | AU10: 8258 | AV10: 2276 | AW10: 5095 | AX10: 42 | AY10: 4884 | AZ10: 5749 | BA10: 106 | BB10: 58069 | BC10: 55511 | BD10: 301 | BE10: 176 | BF10: 53861 | BG10: 32786 | BH10: 130 | BI10: 19853 | BJ10: 15656 | BK10: 3132 | BL10: 7645 | BM10: 6090 | BN10: 1144 | BO10: 201 | BP10: 19694 | BQ10: 1655 | BR10: 130 | BS10: 7234 | BT10: 298 | BU10: 6835 | BV10: 11340 | BW10: 5716 | BX10: 154
A11: 1227 | B11: REPAIR MITRAL VALVE AMPUTATION LEFT ATRIAL APPENDAGE | C11: Unchecked | D11: Checked | E11: Unchecked | F11: Unchecked | G11: Female | H11: 53 | I11: Not Hispanic or Latino | J11: White | K11: 40.3 | L11: No | N11: No | O11: No | Q11: No | R11: No | S11: No | T11: No | U11: No | V11: No | W11: No | X11: SBM1227.fcs | Y11: 149245 | Z11: 146074 | AA11: 145481 | AB11: 135150 | AC11: 37 | AD11: 36 | AE11: 33 | AF11: 31 | AG11: 30 | AH11: 6 | AI11: 18 | AJ11: 0 | AK11: 0 | AL11: 49041 | AM11: 6193 | AN11: 41403 | AO11: 4477 | AP11: 5787 | AQ11: 7834 | AR11: 8778 | AS11: 2067 | AT11: 1389 | AU11: 2499 | AV11: 299 | AW11: 1924 | AX11: 440 | AY11: 1345 | AZ11: 28939 | BA11: 285 | BB11: 85539 | BC11: 77590 | BD11: 344 | BE11: 132 | BF11: 74877 | BG11: 57384 | BH11: 254 | BI11: 16496 | BJ11: 5208 | BK11: 9764 | BL11: 35449 | BM11: 34754 | BN11: 1904 | BO11: 581 | BP11: 14873 | BQ11: 1406 | BR11: 341 | BS11: 3286 | BT11: 495 | BU11: 2532 | BV11: 10397 | BW11: 5415 | BX11: 22
A12: 1154 | B12: Repair Mitral Valve (ERAS) Repair Tricuspid Valve Coronary Artery Bypass Graft | C12: Checked | D12: Unchecked | E12: Unchecked | F12: Checked | G12: Male | H12: 61 | I12: Not Hispanic or Latino | J12: Black or African American | K12: 24.5 | L12: No | N12: No | O12: No | Q12: No | R12: No | S12: No | T12: No | U12: No | V12: No | W12: No | X12: SBM1154.fcs | Y12: 105939 | Z12: 97892 | AA12: 91684 | AB12: 60528 | AC12: 335 | AD12: 321 | AE12: 308 | AF12: 303 | AG12: 302 | AH12: 106 | AI12: 134 | AJ12: 2 | AK12: 3 | AL12: 32196 | AM12: 7484 | AN12: 23914 | AO12: 1421 | AP12: 1744 | AQ12: 3775 | AR12: 8938 | AS12: 1834 | AT12: 1801 | AU12: 4384 | AV12: 399 | AW12: 2854 | AX12: 568 | AY12: 1902 | AZ12: 8792 | BA12: 45 | BB12: 27484 | BC12: 25403 | BD12: 396 | BE12: 217 | BF12: 23782 | BG12: 16705 | BH12: 228 | BI12: 6381 | BJ12: 1479 | BK12: 4704 | BL12: 9085 | BM12: 8302 | BN12: 3522 | BO12: 1031 | BP12: 6384 | BQ12: 1591 | BR12: 223 | BS12: 1200 | BT12: 419 | BU12: 718 | BV12: 4897 | BW12: 2190 | BX12: 87
A13: 1003 | B13: REPLACE SYSTEMIC TRICUSPID VALVE IN CCTGA CLOSURE PATENT FORAMEN OVALE PLACEMENT VENTRICUALR EPICARDIAL LEADS | C13: Unchecked | D13: Checked | E13: Unchecked | F13: Unchecked | G13: Female | H13: 35 | I13: Not Hispanic or Latino | J13: White | K13: 26.5 | L13: No | N13: No | O13: No | Q13: No | R13: No | S13: No | T13: No | U13: No | V13: No | W13: No | X13: SBM1003.fcs | Y13: 321845 | Z13: 314310 | AA13: 309191 | AB13: 181785 | AC13: 3329 | AD13: 3197 | AE13: 2976 | AF13: 2935 | AG13: 2904 | AH13: 1162 | AI13: 407 | AJ13: 9 | AK13: 20 | AL13: 90578 | AM13: 35124 | AN13: 51872 | AO13: 1659 | AP13: 927 | AQ13: 2509 | AR13: 21579 | AS13: 11303 | AT13: 10861 | AU13: 13356 | AV13: 2863 | AW13: 8637 | AX13: 317 | AY13: 6310 | AZ13: 9556 | BA13: 122 | BB13: 82123 | BC13: 75753 | BD13: 618 | BE13: 651 | BF13: 72429 | BG13: 46060 | BH13: 125 | BI13: 38228 | BJ13: 36081 | BK13: 1486 | BL13: 5701 | BM13: 2403 | BN13: 5549 | BO13: 3054 | BP13: 24060 | BQ13: 3824 | BR13: 736 | BS13: 8187 | BT13: 89 | BU13: 7976 | BV13: 15216 | BW13: 788 | BX13: 165
... A16: 1146 | B16: Replacement Aortic Valve, ERAS (Mechanical) | C16: Unchecked | D16: Checked | E16: Unchecked | F16: Unchecked | G16: Male | H16: 47 | I16: Not Hispanic or Latino | J16: White | K16: 22.8 | L16: No | N16: No | O16: No | Q16: No | R16: No | S16: No | T16: No | U16: No | V16: No | W16: No | X16: SBM1146.fcs | Y16: 120485 | Z16: 116000 | AA16: 110462 | AB16: 69007 | AC16: 161 | AD16: 157 | AE16: 153 | AF16: 153 | AG16: 153 | AH16: 100 | AI16: 31 | AJ16: 1 | AK16: 0 | AL16: 46114 | AM16: 2769 | AN16: 42546 | AO16: 1737 | AP16: 1542 | AQ16: 1563 | AR16: 24230 | AS16: 10455 | AT16: 10315 | AU16: 6220 | AV16: 624 | AW16: 4547 | AX16: 149 | AY16: 3881 | AZ16: 7841 | BA16: 82 | BB16: 21952 | BC16: 20127 | BD16: 261 | BE16: 212 | BF16: 18773 | BG16: 6943 | BH16: 38 | BI16: 3631 | BJ16: 1288 | BK16: 2093 | BL16: 2953 | BM16: 2895 | BN16: 1085 | BO16: 517 | BP16: 10899 | BQ16: 2622 | BR16: 550 | BS16: 3334 | BT16: 1048 | BU16: 2115 | BV16: 7092 | BW16: 3758 | BX16: 29
A17: 1160 | B17: Minimally Invasive Replacement Aortic Valve, ERAS | C17: Unchecked | D17: Unchecked | E17: Unchecked | F17: Unchecked | G17: Male | H17: 65 | I17: Not Hispanic or Latino | J17: White | K17: 24.5 | L17: No | N17: No | O17: Yes | P17: basal cell carcinoma of the skin right abdomen | Q17: No | R17: No | S17: Yes | T17: No | U17: No | V17: No | W17: No | X17: SBM1160.fcs | Y17: 99510 | Z17: 93685 | AA17: 90392 | AB17: 55396 | AC17: 282 | AD17: 277 | AE17: 271 | AF17: 271 | AG17: 271 | AH17: 142 | AI17: 109 | AJ17: 0 | AK17: 2 | AL17: 32289 | AM17: 3261 | AN17: 28515 | AO17: 2174 | AP17: 6082 | AQ17: 5683 | AR17: 8971 | AS17: 2751 | AT17: 2632 | AU17: 3263 | AV17: 275 | AW17: 2653 | AX17: 422 | AY17: 2028 | AZ17: 14793 | BA17: 69 | BB17: 22349 | BC17: 20906 | BD17: 259 | BE17: 255 | BF17: 19213 | BG17: 11320 | BH17: 131 | BI17: 5266 | BJ17: 2098 | BK17: 2784 | BL17: 5161 | BM17: 5052 | BN17: 1286 | BO17: 290 | BP17: 6666 | BQ17: 1860 | BR17: 163 | BS17: 1839 | BT17: 332 | BU17: 1471 | BV17: 4636 | BW17: 3976 | BX17: 8
A18: 1165 | B18: Repair/Replacement Mitral Valve | C18: Unchecked | D18: Unchecked | E18: Unchecked | F18: Unchecked | G18: Male | H18: 66 | I18: Not Hispanic or Latino | J18: White | K18: 28.9 | L18: No | N18: No | O18: No | Q18: Yes | R18: No | S18: No | T18: No | U18: No | V18: No | W18: No | X18: SBM1165.fcs | Y18: 232949 | Z18: 206715 | AA18: 194926 | AB18: 110284 | AC18: 166 | AD18: 160 | AE18: 142 | AF18: 142 | AG18: 141 | AH18: 48 | AI18: 79 | AJ18: 0 | AK18: 3 | AL18: 53013 | AM18: 5540 | AN18: 47119 | AO18: 1474 | AP18: 2304 | AQ18: 7043 | AR18: 28715 | AS18: 3147 | AT18: 3091 | AU18: 3650 | AV18: 506 | AW18: 2323 | AX18: 405 | AY18: 1640 | AZ18: 13226 | BA18: 157 | BB18: 56573 | BC18: 54079 | BD18: 111 | BE18: 237 | BF18: 52511 | BG18: 26321 | BH18: 158 | BI18: 10207 | BJ18: 2443 | BK18: 7267 | BL18: 13234 | BM18: 13181 | BN18: 1739 | BO18: 374 | BP18: 22946 | BQ18: 2649 | BR18: 288 | BS18: 4297 | BT18: 2348 | BU18: 1810 | BV18: 16832 | BW18: 6730 | BX18: 49
A19: 1158 | B19: REPLACEMENT AORTIC ROOT REPAIR OR REPLACEMENT HEMI ARCH ASCENDING AORTA CORONARY ARTERY BYPASS GRAFT x1, COMPOSITE AORTIC ROOT | C19: Checked | D19: Unchecked | E19: Unchecked | F19: Unchecked | G19: Male | H19: 58 | I19: Not Hispanic or Latino | J19: White | K19: 32.6 | L19: No | N19: No | O19: No | Q19: Yes | R19: No | S19: Yes | T19: No | U19: No | V19: Yes | W19: No | X19: SBM1158.fcs | Y19: 214097 | Z19: 190556 | AA19: 189560 | AB19: 124663 | AC19: 241 | AD19: 235 | AE19: 222 | AF19: 217 | AG19: 208 | AH19: 56 | AI19: 76 | AJ19: 1 | AK19: 1 | AL19: 48445 | AM19: 6964 | AN19: 40514 | AO19: 2326 | AP19: 2358 | AQ19: 3722 | AR19: 15650 | AS19: 4558 | AT19: 4266 | AU19: 4097 | AV19: 609 | AW19: 3187 | AX19: 236 | AY19: 2702 | AZ19: 17033 | BA19: 175 | BB19: 72912 | BC19: 66004 | BD19: 1116 | BE19: 2749 | BF19: 57409 | BG19: 36438 | BH19: 283 | BI19: 24524 | BJ19: 11148 | BK19: 12017 | BL19: 8734 | BM19: 8574 | BN19: 8198 | BO19: 5403 | BP19: 17653 | BQ19: 5720 | BR19: 3767 | BS19: 12292 | BT19: 1419 | BU19: 10653 | BV19: 4037 | BW19: 3143 | BX19: 48
A20: 1091 | B20: BENTALL WITH ASCENDING HEMIARCH, LEFT LEG ENDOSCOPIC SAPHENOUS VEIN HARVEST | C20: Unchecked | D20: Checked | E20: Unchecked | F20: Checked | G20: Female | H20: 61 | I20: Not Hispanic or Latino | J20: White | K20: 33.8 | L20: No | N20: No | O20: No | Q20: Yes | R20: No | S20: Yes | T20: No | U20: No | V20: No | W20: No | X20: SBM1091.fcs | Y20: 219518 | Z20: 216315 | AA20: 196851 | AB20: 93614 | AC20: 353 | AD20: 353 | AE20: 336 | AF20: 330 | AG20: 328 | AH20: 185 | AI20: 19 | AJ20: 0 | AK20: 0 | AL20: 34564 | AM20: 4324 | AN20: 29353 | AO20: 683 | AP20: 2649 | AQ20: 6757 | AR20: 11811 | AS20: 10308 | AT20: 10065 | AU20: 1695 | AV20: 250 | AW20: 1293 | AX20: 116 | AY20: 901 | AZ20: 13136 | BA20: 123 | BB20: 57919 | BC20: 55364 | BD20: 253 | BE20: 356 | BF20: 53436 | BG20: 38925 | BH20: 91 | BI20: 26088 | BJ20: 5447 | BK20: 18128 | BL20: 9765 | BM20: 9624 | BN20: 2212 | BO20: 829 | BP20: 12392 | BQ20: 1112 | BR20: 170 | BS20: 3140 | BT20: 1220 | BU20: 1625 | BV20: 8487 | BW20: 5886 | BX20: 123
A21: 1047 | B21: COMPOSITE AORTIC ROOT, RECONSTRUCTION HEMIARCH REPLACEMENT VALVE SPARING AORTIC ROOT MAZE PROCEDURE/ Left atrial appendage ligation | C21: Unchecked | D21: Checked | E21: Unchecked | F21: Unchecked | G21: Male | H21: 69 | I21: Not Hispanic or Latino | J21: White | K21: 23.5 | L21: No | N21: No | O21: No | Q21: Yes | R21: No | S21: Yes | T21: No | U21: No | V21: No | W21: No | X21: SBM1047.fcs | Y21: 78807 | Z21: 74432 | AA21: 72740 | AB21: 51195 | AC21: 531 | AD21: 515 | AE21: 491 | AF21: 488 | AG21: 487 | AH21: 167 | AI21: 256 | AJ21: 11 | AK21: 6 | AL21: 33201 | AM21: 2892 | AN21: 28840 | AO21: 1075 | AP21: 491 | AQ21: 4550 | AR21: 13389 | AS21: 4064 | AT21: 3859 | AU21: 5159 | AV21: 485 | AW21: 3925 | AX21: 111 | AY21: 3465 | AZ21: 8058 | BA21: 81 | BB21: 16336 | BC21: 15513 | BD21: 199 | BE21: 133 | BF21: 14466 | BG21: 7424 | BH21: 187 | BI21: 3483 | BJ21: 714 | BK21: 2585 | BL21: 3166 | BM21: 3130 | BN21: 690 | BO21: 136 | BP21: 5861 | BQ21: 1647 | BR21: 146 | BS21: 1485 | BT21: 621 | BU21: 786 | BV21: 3817 | BW21: 3168 | BX21: 16
A22: 1210 | B22: Coronary Artery Bypass Graft | C22: Checked | D22: Unchecked | E22: Unchecked | F22: Unchecked | G22: Male | H22: 59 | I22: Not Hispanic or Latino | J22: White | K22: 27.5 | L22: No | N22: No | O22: No | Q22: Yes | R22: No | S22: Yes | T22: No | U22: No | V22: No | W22: No | X22: SBM1210.fcs | Y22: 66184 | Z22: 59940 | AA22: 58794 | AB22: 20753 | AC22: 432 | AD22: 422 | AE22: 396 | AF22: 395 | AG22: 393 | AH22: 147 | AI22: 186 | AJ22: 2 | AK22: 4 | AL22: 10268 | AM22: 4359 | AN22: 5368 | AO22: 203 | AP22: 30 | AQ22: 123 | AR22: 1915 | AS22: 605 | AT22: 560 | AU22: 1231 | AV22: 279 | AW22: 661 | AX22: 40 | AY22: 594 | AZ22: 1435 | BA22: 20 | BB22: 9664 | BC22: 9186 | BD22: 30 | BE22: 45 | BF22: 8927 | BG22: 5747 | BH22: 30 | BI22: 3604 | BJ22: 701 | BK22: 2546 | BL22: 1653 | BM22: 1594 | BN22: 416 | BO22: 103 | BP22: 2729 | BQ22: 1005 | BR22: 79 | BS22: 765 | BT22: 259 | BU22: 427 | BV22: 1883 | BW22: 1577 | BX22: 5
A23: 1155 | B23: Coronary Artery Bypass Graft | C23: Checked | D23: Unchecked | E23: Unchecked | F23: Unchecked | G23: Male | H23: 89 | I23: Not Hispanic or Latino | J23: White | K23: 22.8 | L23: No | N23: Yes | O23: No | Q23: Yes | R23: No | S23: Yes | T23: Yes | U23: No | V23: No | W23: No | X23: SBM1155.fcs | Y23: 348111 | Z23: 320999 | AA23: 317961 | AB23: 189871 | AC23: 681 | AD23: 661 | AE23: 641 | AF23: 635 | AG23: 632 | AH23: 223 | AI23: 292 | AJ23: 1 | AK23: 2 | AL23: 74044 | AM23: 13874 | AN23: 59298 | AO23: 2902 | AP23: 3767 | AQ23: 4702 | AR23: 34939 | AS23: 4768 | AT23: 686 | AU23: 6655 | AV23: 2254 | AW23: 3526 | AX23: 361 | AY23: 2871 | AZ23: 15353 | BA23: 125 | BB23: 113906 | BC23: 104450 | BD23: 943 | BE23: 1434 | BF23: 98560 | BG23: 71002 | BH23: 163 | BI23: 41835 | BJ23: 10625 | BK23: 27403 | BL23: 22552 | BM23: 21350 | BN23: 3133 | BO23: 453 | BP23: 24339 | BQ23: 2576 | BR23: 143 | BS23: 2919 | BT23: 874 | BU23: 1808 | BV23: 20550 | BW23: 9545 | BX23: 535
A24: 1169 | B24: Coronary Artery Bypass Graft | C24: Checked | D24: Unchecked | E24: Unchecked | F24: Unchecked | G24: Female | H24: 58 | I24: Not Hispanic or Latino | J24: Black or African American | K24: 47 | L24: No | N24: Yes | O24: No | Q24: Yes | R24: No | S24: Yes | T24: No | U24: No | V24: No | W24: No | X24: SBM1169.fcs | Y24: 123596 | Z24: 120354 | AA24: 110696 | AB24: 48343 | AC24: 310 | AD24: 246 | AE24: 238 | AF24: 238 | AG24: 238 | AH24: 50 | AI24: 152 | AJ24: 5 | AK24: 1 | AL24: 23706 | AM24: 6770 | AN24: 16594 | AO24: 673 | AP24: 994 | AQ24: 4092 | AR24: 1450 | AS24: 885 | AT24: 857 | AU24: 2518 | AV24: 321 | AW24: 1404 | AX24: 513 | AY24: 376 | AZ24: 9823 | BA24: 72 | BB24: 23327 | BC24: 13636 | BD24: 86 | BE24: 40 | BF24: 13287 | BG24: 8815 | BH24: 24 | BI24: 2173 | BJ24: 593 | BK24: 1431 | BL24: 6023 | BM24: 5504 | BN24: 291 | BO24: 70 | BP24: 3987 | BQ24: 335 | BR24: 43 | BS24: 1291 | BT24: 211 | BU24: 1000 | BV24: 2493 | BW24: 1487 | BX24: 11
A25: 1156 | B25: Coronary Artery Bypass Graft Repair Mitral Valve | C25: Checked | D25: Checked | E25: Unchecked | F25: Unchecked | G25: Female | H25: 78 | I25: Not Hispanic or Latino | J25: White | K25: 26.9 | L25: No | N25: No | O25: No | Q25: Yes | R25: No | S25: Yes | T25: No | U25: No | V25: No | W25: No | X25: SBM1156.fcs | Y25: 94953 | Z25: 87185 | AA25: 85970 | AB25: 55444 | AC25: 641 | AD25: 615 | AE25: 564 | AF25: 557 | AG25: 549 | AH25: 152 | AI25: 334 | AJ25: 64 | AK25: 12 | AL25: 26662 | AM25: 6097 | AN25: 19150 | AO25: 1374 | AP25: 2846 | AQ25: 2831 | AR25: 9192 | AS25: 4548 | AT25: 4358 | AU25: 2090 | AV25: 269 | AW25: 1412 | AX25: 172 | AY25: 1162 | AZ25: 6759 | BA25: 72 | BB25: 26319 | BC25: 24480 | BD25: 319 | BE25: 271 | BF25: 22811 | BG25: 18172 | BH25: 338 | BI25: 8746 | BJ25: 4190 | BK25: 3967 | BL25: 7403 | BM25: 7256 | BN25: 4061 | BO25: 2269 | BP25: 3721 | BQ25: 2150 | BR25: 963 | BS25: 766 | BT25: 226 | BU25: 519 | BV25: 2396 | BW25: 1824 | BX25: 15
A26: 1162 | B26: Coronary Artery Bypass Graft (BIMA) | C26: Checked | D26: Unchecked | E26: Unchecked | F26: Unchecked | G26: Male | H26: 53 | I26: Not Hispanic or Latino | J26: White | K26: 30.1 | L26: No | N26: No | O26: No | Q26: Yes | R26: No | S26: Yes | T26: No | U26: No | V26: No | W26: No | X26: SBM1162.fcs | Y26: 135286 | Z26: 129503 | AA26: 117499 | AB26: 71413 | AC26: 640 | AD26: 632 | AE26: 601 | AF26: 600 | AG26: 599 | AH26: 260 | AI26: 255 | AJ26: 5 | AK26: 2 | AL26: 42949 | AM26: 5080 | AN26: 36468 | AO26: 982 | AP26: 871 | AQ26: 2221 | AR26: 16155 | AS26: 6379 | AT26: 6188 | AU26: 6344 | AV26: 829 | AW26: 4552 | AX26: 20 | AY26: 4315 | AZ26: 11021 | BA26: 148 | BB26: 26899 | BC26: 24696 | BD26: 424 | BE26: 141 | BF26: 22934 | BG26: 11778 | BH26: 115 | BI26: 5611 | BJ26: 1616 | BK26: 3757 | BL26: 5308 | BM26: 5280 | BN26: 1356 | BO26: 692 | BP26: 9307 | BQ26: 3025 | BR26: 406 | BS26: 2138 | BT26: 799 | BU26: 1300 | BV26: 6817 | BW26: 5862 | BX26: 20
A27: 1121 | B27: CORONARY ARTERY BYPASS GRAFT X 3 with LIMA and SVG , ENDARTERECTOMY, ENDOSCOPIC SAPHENOUS VEIN HARVEST LEFT LEG , ERAS INSERTION OF CENTRIMAG RIGHT VENTRICULAR ASSIST DEVICE | C27: Checked | D27: Unchecked | E27: Unchecked | F27: Unchecked | G27: Male | H27: 69 | I27: Not Hispanic or Latino | J27: Asian | K27: 22 | L27: No | N27: Yes | O27: No | Q27: Yes | R27: No | S27: Yes | T27: No | U27: No | V27: No | W27: No | X27: SBM1121.fcs | Y27: 205943 | Z27: 200135 | AA27: 194780 | AB27: 141444 | AC27: 200 | AD27: 200 | AE27: 182 | AF27: 181 | AG27: 179 | AH27: 74 | AI27: 68 | AJ27: 0 | AK27: 6 | AL27: 73229 | AM27: 14299 | AN27: 57956 | AO27: 2701 | AP27: 1530 | AQ27: 5493 | AR27: 27346 | AS27: 8684 | AT27: 8235 | AU27: 5591 | AV27: 631 | AW27: 4571 | AX27: 1610 | AY27: 2299 | AZ27: 22117 | BA27: 169 | BB27: 66838 | BC27: 63745 | BD27: 75 | BE27: 135 | BF27: 63066 | BG27: 29342 | BH27: 372 | BI27: 10885 | BJ27: 2168 | BK27: 8169 | BL27: 15483 | BM27: 14999 | BN27: 5073 | BO27: 703 | BP27: 30667 | BQ27: 6092 | BR27: 646 | BS27: 1683 | BT27: 1236 | BU27: 402 | BV27: 27892 | BW27: 15173 | BX27: 32
A28: 1026 | B28: CORONARY ARTERY BYPASS GRAFT x1, LEFT SAPHENOUS EVH | C28: Checked | D28: Unchecked | E28: Unchecked | F28: Unchecked | G28: Female | H28: 58 | I28: Hispanic or Latino | J28: Unavailable | K28: 30.7 | L28: No | N28: No | O28: No | Q28: Yes | R28: No | S28: Yes | T28: No | U28: No | V28: No | W28: No | X28: SBM1026.fcs | Y28: 259455 | Z28: 252631 | AA28: 242041 | AB28: 173053 | AC28: 348 | AD28: 337 | AE28: 316 | AF28: 313 | AG28: 311 | AH28: 145 | AI28: 142 | AJ28: 16 | AK28: 1 | AL28: 91092 | AM28: 35108 | AN28: 53897 | AO28: 4116 | AP28: 2535 | AQ28: 3082 | AR28: 18819 | AS28: 2263 | AT28: 2165 | AU28: 14814 | AV28: 2109 | AW28: 11865 | AX28: 800 | AY28: 10253 | AZ28: 16059 | BA28: 180 | BB28: 80290 | BC28: 72422 | BD28: 658 | BE28: 475 | BF28: 69674 | BG28: 47233 | BH28: 60 | BI28: 12537 | BJ28: 1468 | BK28: 10548 | BL28: 29598 | BM28: 29371 | BN28: 4043 | BO28: 788 | BP28: 19847 | BQ28: 3939 | BR28: 434 | BS28: 2247 | BT28: 1386 | BU28: 708 | BV28: 16317 | BW28: 12098 | BX28: 257
A29: 1337 | B29: CORONARY ARTERY BYPASS GRAFT x2, ERAS, LIMA, LEFT LEG ENDOSCOPIC SAPHENOUS VEIN HARVEST | C29: Checked | D29: Unchecked | E29: Unchecked | F29: Unchecked | G29: Female | H29: 34 | I29: Not Hispanic or Latino | J29: White | K29: 41.8 | L29: No | N29: Yes | O29: No | Q29: Yes | R29: No | S29: No | T29: No | U29: No | V29: No | W29: No | X29: SBM1337.fcs | Y29: 50067 | Z29: 47421 | AA29: 43820 | AB29: 22368 | AC29: 361 | AD29: 358 | AE29: 335 | AF29: 335 | AG29: 332 | AH29: 190 | AI29: 75 | AJ29: 0 | AK29: 2 | AL29: 11444 | AM29: 1689 | AN29: 9435 | AO29: 314 | AP29: 58 | AQ29: 203 | AR29: 3044 | AS29: 537 | AT29: 424 | AU29: 3699 | AV29: 365 | AW29: 2831 | AX29: 45 | AY29: 2686 | AZ29: 1665 | BA29: 54 | BB29: 10116 | BC29: 9168 | BD29: 86 | BE29: 28 | BF29: 8623 | BG29: 4259 | BH29: 11 | BI29: 1376 | BJ29: 475 | BK29: 770 | BL29: 2608 | BM29: 2580 | BN29: 261 | BO29: 107 | BP29: 3537 | BQ29: 1024 | BR29: 148 | BS29: 1250 | BT29: 215 | BU29: 947 | BV29: 2143 | BW29: 1339 | BX29: 2
... A43: 1157 | B43: Revision Mitral Valve Replacement | C43: Unchecked | D43: Unchecked | E43: Unchecked | F43: Unchecked | G43: Female | H43: 61 | I43: Not Hispanic or Latino | J43: White | K43: 26.5 | L43: No | N43: No | O43: No | Q43: Yes | R43: No | S43: No | T43: No | U43: No | V43: No | W43: No | X43: SBM1157.fcs | Y43: 137475 | Z43: 125596 | AA43: 123468 | AB43: 89313 | AC43: 297 | AD43: 281 | AE43: 246 | AF43: 242 | AG43: 236 | AH43: 30 | AI43: 155 | AJ43: 5 | AK43: 4 | AL43: 31267 | AM43: 6869 | AN43: 23464 | AO43: 970 | AP43: 1505 | AQ43: 2763 | AR43: 12545 | AS43: 4416 | AT43: 4372 | AU43: 2588 | AV43: 321 | AW43: 1881 | AX43: 402 | AY43: 1373 | AZ43: 6866 | BA43: 74 | BB43: 54964 | BC43: 50396 | BD43: 700 | BE43: 391 | BF43: 47115 | BG43: 35712 | BH43: 349 | BI43: 20614 | BJ43: 11006 | BK43: 8241 | BL43: 11938 | BM43: 10811 | BN43: 8018 | BO43: 4409 | BP43: 9125 | BQ43: 3865 | BR43: 2103 | BS43: 2077 | BT43: 592 | BU43: 1425 | BV43: 6019 | BW43: 3844 | BX43: 66
A44: 1013 | B44: Coronary Artery Bypass Isolation pulmonary vein | C44: Checked | D44: Unchecked | E44: Unchecked | F44: Unchecked | G44: Male | H44: 65 | I44: Not Hispanic or Latino | J44: White | K44: 32.6 | L44: No | N44: No | O44: Yes | P44: Prostate cancer 2019 no surgery, currently on Lupron Q 3 months and daily Zytiga and Prednisone | Q44: Yes | R44: No | S44: Yes | T44: No | U44: No | V44: No | W44: No | X44: SBM1013.fcs | Y44: 36817 | Z44: 34554 | AA44: 33806 | AB44: 10634 | AC44: 215 | AD44: 215 | AE44: 203 | AF44: 203 | AG44: 203 | AH44: 119 | AI44: 60 | AJ44: 8 | AK44: 4 | AL44: 5790 | AM44: 1094 | AN44: 4532 | AO44: 435 | AP44: 813 | AQ44: 923 | AR44: 785 | AS44: 219 | AT44: 182 | AU44: 892 | AV44: 130 | AW44: 596 | AX44: 59 | AY44: 458 | AZ44: 2512 | BA44: 10 | BB44: 4397 | BC44: 4172 | BD44: 68 | BE44: 103 | BF44: 3741 | BG44: 2651 | BH44: 12 | BI44: 1277 | BJ44: 241 | BK44: 956 | BL44: 1103 | BM44: 1096 | BN44: 206 | BO44: 74 | BP44: 939 | BQ44: 227 | BR44: 66 | BS44: 190 | BT44: 75 | BU44: 105 | BV44: 693 | BW44: 438 | BX44: 3
A45: 1168 | B45: Coronary Artery Bypass Graft | C45: Checked | D45: Unchecked | E45: Unchecked | F45: Unchecked | G45: Male | H45: 76 | I45: Hispanic or Latino | J45: Unavailable | K45: 24.1 | L45: No | N45: Yes | O45: Yes | P45: Prostate Cancer 06/04/2021 with metastases to inguinal and periaortic LN, no other distant sites of disease | Q45: Yes | R45: No | S45: Yes | T45: No | U45: No | V45: No | W45: No | X45: SBM1168.fcs | Y45: 85258 | Z45: 80830 | AA45: 71821 | AB45: 19519 | AC45: 315 | AD45: 310 | AE45: 284 | AF45: 283 | AG45: 283 | AH45: 53 | AI45: 180 | AJ45: 1 | AK45: 4 | AL45: 12052 | AM45: 380 | AN45: 11234 | AO45: 307 | AP45: 521 | AQ45: 901 | AR45: 3398 | AS45: 1551 | AT45: 1454 | AU45: 2445 | AV45: 210 | AW45: 1446 | AX45: 65 | AY45: 1208 | AZ45: 4080 | BA45: 52 | BB45: 6580 | BC45: 5899 | BD45: 51 | BE45: 95 | BF45: 5583 | BG45: 1250 | BH45: 24 | BI45: 355 | BJ45: 8 | BK45: 340 | BL45: 800 | BM45: 800 | BN45: 263 | BO45: 32 | BP45: 3914 | BQ45: 1101 | BR45: 60 | BS45: 239 | BT45: 222 | BU45: 13 | BV45: 3578 | BW45: 3336 | BX45: 34
A46: 1145 | B46: Replacement Aortic Valve, ERAS Coronary Artery Bypass Graft | C46: Checked | D46: Checked | E46: Unchecked | F46: Unchecked | G46: Male | H46: 73 | I46: Not Hispanic or Latino | J46: White | K46: 31.3 | L46: No | N46: No | O46: Yes | P46: Prostate cancer, s/p radiation, s/p XRT . Followed DFCI SSH , 2019 | Q46: Yes | R46: No | S46: Yes | T46: No | U46: No | V46: No | W46: No | X46: SBM1145.fcs | Y46: 90582 | Z46: 82483 | AA46: 79796 | AB46: 41808 | AC46: 360 | AD46: 356 | AE46: 327 | AF46: 325 | AG46: 324 | AH46: 105 | AI46: 168 | AJ46: 7 | AK46: 5 | AL46: 21382 | AM46: 655 | AN46: 20282 | AO46: 1243 | AP46: 1850 | AQ46: 2233 | AR46: 8801 | AS46: 2020 | AT46: 1965 | AU46: 3350 | AV46: 368 | AW46: 2141 | AX46: 184 | AY46: 1796 | AZ46: 6732 | BA46: 25 | BB46: 19550 | BC46: 18764 | BD46: 2169 | BE46: 1103 | BF46: 13674 | BG46: 7822 | BH46: 40 | BI46: 1092 | BJ46: 282 | BK46: 732 | BL46: 6469 | BM46: 6263 | BN46: 1062 | BO46: 89 | BP46: 4874 | BQ46: 926 | BR46: 59 | BS46: 190 | BT46: 112 | BU46: 68 | BV46: 4603 | BW46: 3288 | BX46: 35
A47: 1014 | B47: CORONARY ARTERY BYPASS GRAFT x 3 with SVG and LIMA, ENDOSCOPIC SAPHENOUS VEIN HARVEST LEFT LEG | C47: Checked | D47: Unchecked | E47: Unchecked | F47: Unchecked | G47: Male | H47: 75 | I47: Not Hispanic or Latino | J47: White | K47: 22.3 | L47: Yes | M47: No | N47: No | O47: No | Q47: No | R47: No | S47: Yes | T47: No | U47: Yes | V47: No | W47: No | X47: SBM1014.fcs | Y47: 112228 | Z47: 110574 | AA47: 108857 | AB47: 49789 | AC47: 975 | AD47: 936 | AE47: 914 | AF47: 908 | AG47: 907 | AH47: 749 | AI47: 26 | AJ47: 0 | AK47: 0 | AL47: 20845 | AM47: 3782 | AN47: 16514 | AO47: 2447 | AP47: 1124 | AQ47: 1219 | AR47: 6527 | AS47: 4609 | AT47: 4424 | AU47: 2183 | AV47: 369 | AW47: 955 | AX47: 167 | AY47: 646 | AZ47: 6180 | BA47: 94 | BB47: 27126 | BC47: 25648 | BD47: 195 | BE47: 1019 | BF47: 23619 | BG47: 17982 | BH47: 56 | BI47: 13351 | BJ47: 6052 | BK47: 5873 | BL47: 3827 | BM47: 3768 | BN47: 1661 | BO47: 438 | BP47: 5083 | BQ47: 1141 | BR47: 231 | BS47: 409 | BT47: 127 | BU47: 257 | BV47: 4579 | BW47: 3318 | BX47: 7
A48: 1008 | B48: EXPLORATION AORTIC VALVE REPLACEMENT MITRAL VALVE AMPUTATION LEFT ATRIAL APPENDAGE ISOLATION PULMONARY VEIN | C48: Unchecked | D48: Checked | E48: Unchecked | F48: Unchecked | G48: Male | H48: 71 | I48: Not Hispanic or Latino | J48: White | K48: 19.3 | L48: Yes | M48: No | N48: No | O48: No | Q48: No | R48: No | S48: No | T48: No | U48: No | V48: No | W48: No | X48: SBM1008.fcs | Y48: 47011 | Z48: 45318 | AA48: 44254 | AB48: 27384 | AC48: 190 | AD48: 182 | AE48: 169 | AF48: 165 | AG48: 163 | AH48: 44 | AI48: 104 | AJ48: 0 | AK48: 0 | AL48: 13407 | AM48: 3105 | AN48: 9778 | AO48: 647 | AP48: 266 | AQ48: 438 | AR48: 4268 | AS48: 564 | AT48: 516 | AU48: 2355 | AV48: 374 | AW48: 1642 | AX48: 13 | AY48: 1617 | AZ48: 2487 | BA48: 61 | BB48: 13320 | BC48: 12779 | BD48: 221 | BE48: 168 | BF48: 11903 | BG48: 9575 | BH48: 12 | BI48: 7111 | BJ48: 2140 | BK48: 4244 | BL48: 1849 | BM48: 1802 | BN48: 826 | BO48: 357 | BP48: 2032 | BQ48: 325 | BR48: 91 | BS48: 1281 | BT48: 85 | BU48: 1159 | BV48: 679 | BW48: 496 | BX48: 3
A49: 1164 | B49: Minimally Invasive Replacement Aortic Valve | C49: Unchecked | D49: Checked | E49: Unchecked | F49: Unchecked | G49: Female | H49: 65 | I49: Not Hispanic or Latino | J49: White | K49: 29.3 | L49: Yes | M49: No | N49: No | O49: No | Q49: No | R49: No | S49: Yes | T49: No | U49: No | V49: No | W49: No | X49: SBM1164.fcs | Y49: 62413 | Z49: 59157 | AA49: 55171 | AB49: 21132 | AC49: 165 | AD49: 162 | AE49: 149 | AF49: 149 | AG49: 149 | AH49: 52 | AI49: 84 | AJ49: 1 | AK49: 0 | AL49: 8185 | AM49: 1962 | AN49: 6031 | AO49: 339 | AP49: 614 | AQ49: 816 | AR49: 1652 | AS49: 942 | AT49: 880 | AU49: 1111 | AV49: 49 | AW49: 759 | AX49: 15 | AY49: 705 | AZ49: 2674 | BA49: 14 | BB49: 12549 | BC49: 11822 | BD49: 152 | BE49: 58 | BF49: 11145 | BG49: 6993 | BH49: 94 | BI49: 5031 | BJ49: 1372 | BK49: 3146 | BL49: 1598 | BM49: 1572 | BN49: 560 | BO49: 297 | BP49: 3815 | BQ49: 657 | BR49: 94 | BS49: 934 | BT49: 302 | BU49: 568 | BV49: 2737 | BW49: 2549 | BX49: 4
A50: 1166 | B50: REPLACEMENT AORTIC VALVE | C50: Unchecked | D50: Checked | E50: Unchecked | F50: Unchecked | G50: Female | H50: 66 | I50: Not Hispanic or Latino | J50: White | K50: 31.1 | L50: Yes | M50: No | N50: No | O50: No | Q50: No | R50: No | S50: No | T50: No | U50: No | V50: Yes | W50: No | X50: SBM1166.fcs | Y50: 86919 | Z50: 81185 | AA50: 78665 | AB50: 49508 | AC50: 92 | AD50: 90 | AE50: 86 | AF50: 84 | AG50: 84 | AH50: 17 | AI50: 58 | AJ50: 1 | AK50: 1 | AL50: 24820 | AM50: 3921 | AN50: 20293 | AO50: 717 | AP50: 1560 | AQ50: 2990 | AR50: 8315 | AS50: 1019 | AT50: 1007 | AU50: 3475 | AV50: 534 | AW50: 2727 | AX50: 357 | AY50: 2123 | AZ50: 7120 | BA50: 31 | BB50: 24379 | BC50: 21837 | BD50: 93 | BE50: 251 | BF50: 20954 | BG50: 11790 | BH50: 55 | BI50: 6357 | BJ50: 1930 | BK50: 3879 | BL50: 4362 | BM50: 4285 | BN50: 637 | BO50: 191 | BP50: 7680 | BQ50: 432 | BR50: 103 | BS50: 2100 | BT50: 475 | BU50: 1487 | BV50: 5215 | BW50: 2100 | BX50: 283
A51: 1315 | B51: REPLACEMENT AORTIC VALVE, ERAS REPLACEMENT ASCENDING AORTA | C51: Unchecked | D51: Checked | E51: Unchecked | F51: Unchecked | G51: Male | H51: 46 | I51: Not Hispanic or Latino | J51: White | K51: 25.8 | L51: Yes | M51: Yes | N51: No | O51: No | Q51: No | R51: No | S51: No | T51: No | U51: No | V51: No | W51: No | X51: SBM1315.fcs | Y51: 150567 | Z51: 146792 | AA51: 145799 | AB51: 118434 | AC51: 126 | AD51: 125 | AE51: 118 | AF51: 118 | AG51: 118 | AH51: 54 | AI51: 41 | AJ51: 0 | AK51: 1 | AL51: 52054 | AM51: 5658 | AN51: 45748 | AO51: 1080 | AP51: 524 | AQ51: 1934 | AR51: 25288 | AS51: 4227 | AT51: 4009 | AU51: 4037 | AV51: 501 | AW51: 3222 | AX51: 146 | AY51: 2937 | AZ51: 14644 | BA51: 276 | BB51: 65345 | BC51: 61533 | BD51: 242 | BE51: 188 | BF51: 59978 | BG51: 41237 | BH51: 200 | BI51: 25588 | BJ51: 12332 | BK51: 10652 | BL51: 11507 | BM51: 10882 | BN51: 1854 | BO51: 993 | BP51: 15265 | BQ51: 1251 | BR51: 415 | BS51: 7703 | BT51: 603 | BU51: 6685 | BV51: 6738 | BW51: 3598 | BX51: 10
A52: 1306 | B52: RESECTION PERICARDIAL MASS | C52: Unchecked | D52: Unchecked | E52: Unchecked | F52: Unchecked | G52: Female | H52: 49 | I52: Not Hispanic or Latino | J52: White | K52: 37.7 | L52: Yes | M52: Yes | N52: No | O52: No | Q52: No | R52: No | S52: Yes | T52: Yes | U52: No | V52: No | W52: No | X52: SBM1306.fcs | Y52: 531658 | Z52: 526326 | AA52: 525070 | AB52: 487834 | AC52: 139 | AD52: 133 | AE52: 126 | AF52: 125 | AG52: 125 | AH52: 78 | AI52: 24 | AJ52: 0 | AK52: 2 | AL52: 171694 | AM52: 112989 | AN52: 55629 | AO52: 1089 | AP52: 611 | AQ52: 4434 | AR52: 9296 | AS52: 5618 | AT52: 324 | AU52: 5802 | AV52: 481 | AW52: 4927 | AX52: 1379 | AY52: 3115 | AZ52: 36700 | BA52: 5315 | BB52: 302687 | BC52: 242169 | BD52: 1037 | BE52: 2106 | BF52: 234465 | BG52: 128474 | BH52: 335 | BI52: 20581 | BJ52: 5278 | BK52: 14071 | BL52: 97729 | BM52: 93950 | BN52: 2667 | BO52: 728 | BP52: 90620 | BQ52: 4253 | BR52: 892 | BS52: 13048 | BT52: 4792 | BU52: 7619 | BV52: 71923 | BW52: 46760 | BX52: 89
A53: 1061 | B53: REVISION AORTIC VALVE REPLACEMENT, AORTOPLASTY AORTIC ROOT ENLARGEMENT | C53: Unchecked | D53: Unchecked | E53: Unchecked | F53: Unchecked | G53: Female | H53: 49 | I53: Not Hispanic or Latino | J53: White | K53: 27.8 | L53: Yes | M53: No | N53: No | O53: No | Q53: No | R53: No | S53: Yes | T53: No | U53: No | V53: Yes | W53: No | X53: SBM1061.fcs | Y53: 162753 | Z53: 158102 | AA53: 148260 | AB53: 115634 | AC53: 19 | AD53: 14 | AE53: 8 | AF53: 8 | AG53: 8 | AH53: 1 | AI53: 4 | AJ53: 0 | AK53: 0 | AL53: 52874 | AM53: 8851 | AN53: 42896 | AO53: 2120 | AP53: 1631 | AQ53: 5222 | AR53: 21757 | AS53: 6837 | AT53: 6580 | AU53: 3329 | AV53: 565 | AW53: 2479 | AX53: 1039 | AY53: 1200 | AZ53: 15814 | BA53: 55 | BB53: 62263 | BC53: 58436 | BD53: 350 | BE53: 113 | BF53: 56784 | BG53: 41893 | BH53: 152 | BI53: 26441 | BJ53: 4699 | BK53: 19581 | BL53: 12611 | BM53: 12515 | BN53: 4606 | BO53: 2410 | BP53: 12805 | BQ53: 1873 | BR53: 641 | BS53: 4880 | BT53: 1645 | BU53: 2662 | BV53: 7300 | BW53: 5368 | BX53: 230
A54: 1015 | B54: THROMBOENDARTERECTOMY PULMONARY ARTERY WITH CARDIAC ARREST REPAIR TRICUSPID VALVE | C54: Unchecked | D54: Checked | E54: Unchecked | F54: Unchecked | G54: Female | H54: 34 | I54: Not Hispanic or Latino | J54: White | K54: 41.9 | L54: Yes | M54: No | N54: No | O54: No | Q54: No | R54: No | S54: No | T54: No | U54: No | V54: No | W54: Yes | X54: SBM1015.fcs | Y54: 34385 | Z54: 33666 | AA54: 33296 | AB54: 27707 | AC54: 21 | AD54: 21 | AE54: 18 | AF54: 18 | AG54: 17 | AH54: 7 | AI54: 9 | AJ54: 0 | AK54: 0 | AL54: 9378 | AM54: 650 | AN54: 8646 | AO54: 486 | AP54: 957 | AQ54: 1716 | AR54: 4430 | AS54: 2388 | AT54: 2368 | AU54: 585 | AV54: 193 | AW54: 357 | AX54: 160 | AY54: 166 | AZ54: 3158 | BA54: 14 | BB54: 18081 | BC54: 17641 | BD54: 104 | BE54: 15 | BF54: 17232 | BG54: 12711 | BH54: 47 | BI54: 8536 | BJ54: 4280 | BK54: 3552 | BL54: 3064 | BM54: 2988 | BN54: 669 | BO54: 502 | BP54: 4126 | BQ54: 165 | BR54: 136 | BS54: 3792 | BT54: 67 | BU54: 3653 | BV54: 200 | BW54: 146 | BX54: 2
A55: 1150 | B55: Valve Sparing Root Replacement | C55: Unchecked | D55: Unchecked | E55: Unchecked | F55: Unchecked | G55: Male | H55: 42 | I55: Not Hispanic or Latino | J55: White | K55: 24.5 | L55: Yes | M55: No | N55: No | O55: No | Q55: No | R55: No | S55: No | T55: No | U55: No | V55: No | W55: No | X55: SBM1150.fcs | Y55: 130632 | Z55: 125538 | AA55: 119786 | AB55: 67058 | AC55: 444 | AD55: 436 | AE55: 400 | AF55: 400 | AG55: 397 | AH55: 117 | AI55: 235 | AJ55: 2 | AK55: 1 | AL55: 27755 | AM55: 5300 | AN55: 21427 | AO55: 903 | AP55: 359 | AQ55: 1536 | AR55: 8195 | AS55: 2074 | AT55: 1931 | AU55: 5302 | AV55: 1282 | AW55: 3578 | AX55: 250 | AY55: 3218 | AZ55: 5927 | BA55: 131 | BB55: 38262 | BC55: 34611 | BD55: 180 | BE55: 201 | BF55: 33556 | BG55: 14283 | BH55: 29 | BI55: 7126 | BJ55: 1839 | BK55: 4598 | BL55: 6251 | BM55: 6194 | BN55: 1508 | BO55: 332 | BP55: 17581 | BQ55: 5750 | BR55: 620 | BS55: 3818 | BT55: 1237 | BU55: 2244 | BV55: 13307 | BW55: 11097 | BX55: 74
A56: 1178 | B56: ASCENDING AORTIC HEMI- ARCH REPLACEMENT ERAS | C56: Unchecked | D56: Unchecked | E56: Unchecked | F56: Unchecked | G56: Male | H56: 61 | I56: Not Hispanic or Latino | J56: White | K56: 31 | L56: Yes | M56: No | N56: No | O56: No | Q56: Yes | R56: No | S56: Yes | T56: No | U56: No | V56: No | W56: No | X56: SBM1178.fcs | Y56: 89352 | Z56: 81651 | AA56: 80568 | AB56: 40335 | AC56: 930 | AD56: 863 | AE56: 819 | AF56: 814 | AG56: 790 | AH56: 200 | AI56: 413 | AJ56: 14 | AK56: 12 | AL56: 15803 | AM56: 2012 | AN56: 12928 | AO56: 769 | AP56: 1030 | AQ56: 1560 | AR56: 3481 | AS56: 584 | AT56: 562 | AU56: 4304 | AV56: 850 | AW56: 2970 | AX56: 394 | AY56: 2363 | AZ56: 4196 | BA56: 71 | BB56: 20951 | BC56: 18832 | BD56: 356 | BE56: 609 | BF56: 16515 | BG56: 8015 | BH56: 99 | BI56: 3782 | BJ56: 1934 | BK56: 1628 | BL56: 3432 | BM56: 3057 | BN56: 2207 | BO56: 1637 | BP56: 7909 | BQ56: 2726 | BR56: 2073 | BS56: 688 | BT56: 211 | BU56: 447 | BV56: 6305 | BW56: 2068 | BX56: 25
A57: 1073 | B57: Ascending aortic replacement (22 mm Gelweave tube graft/28 mm Gelweave tube graft). | C57: Unchecked | D57: Unchecked | E57: Unchecked | F57: Unchecked | G57: Female | H57: 78 | I57: Not Hispanic or Latino | J57: White | K57: 33.7 | L57: Yes | M57: No | N57: No | O57: No | Q57: Yes | R57: No | S57: No | T57: No | U57: Yes | V57: No | W57: No | X57: SBM1073.fcs | Y57: 52549 | Z57: 50413 | AA57: 48624 | AB57: 28018 | AC57: 145 | AD57: 143 | AE57: 140 | AF57: 140 | AG57: 140 | AH57: 47 | AI57: 74 | AJ57: 6 | AK57: 2 | AL57: 17963 | AM57: 3239 | AN57: 14171 | AO57: 447 | AP57: 784 | AQ57: 2288 | AR57: 3058 | AS57: 587 | AT57: 552 | AU57: 925 | AV57: 102 | AW57: 745 | AX57: 178 | AY57: 499 | AZ57: 9782 | BA57: 25 | BB57: 9638 | BC57: 9360 | BD57: 74 | BE57: 41 | BF57: 8801 | BG57: 4881 | BH57: 54 | BI57: 3368 | BJ57: 509 | BK57: 2626 | BL57: 1164 | BM57: 1155 | BN57: 492 | BO57: 181 | BP57: 3349 | BQ57: 438 | BR57: 50 | BS57: 1048 | BT57: 657 | BU57: 309 | BV57: 2031 | BW57: 1366 | BX57: 11
A58: 1149 | B58: Coronary Artery Bypass Graft | C58: Checked | D58: Unchecked | E58: Unchecked | F58: Unchecked | G58: Male | H58: 70 | I58: Not Hispanic or Latino | J58: White | K58: 35.2 | L58: Yes | M58: No | N58: No | O58: No | Q58: Yes | R58: No | S58: Yes | T58: No | U58: No | V58: Yes | W58: No | X58: SBM1149.fcs | Y58: 26524 | Z58: 24333 | AA58: 22879 | AB58: 15586 | AC58: 55 | AD58: 55 | AE58: 55 | AF58: 55 | AG58: 55 | AH58: 30 | AI58: 22 | AJ58: 0 | AK58: 0 | AL58: 7863 | AM58: 1231 | AN58: 6394 | AO58: 531 | AP58: 432 | AQ58: 725 | AR58: 2361 | AS58: 281 | AT58: 264 | AU58: 554 | AV58: 69 | AW58: 412 | AX58: 81 | AY58: 287 | AZ58: 3249 | BA58: 3 | BB58: 7567 | BC58: 6038 | BD58: 168 | BE58: 114 | BF58: 5395 | BG58: 3229 | BH58: 44 | BI58: 1796 | BJ58: 649 | BK58: 999 | BL58: 1253 | BM58: 1228 | BN58: 427 | BO58: 125 | BP58: 1459 | BQ58: 301 | BR58: 19 | BS58: 101 | BT58: 61 | BU58: 33 | BV58: 1321 | BW58: 906 | BX58: 55
... A73: 1107 | B73: REVISION CORONARY ARTERY BYPASS GRAFT WITH ALLOGRAFT SAPHENOUS VEIN x3, SAPHENOUS TO LIMA COMPOSITE GRAFT. ATTEMPTED ENDOSCOPIC HARVESTING VEIN RIGHT INTERNAL MAMMARY ARTERY TAKEDOWN | C73: Checked | D73: Unchecked | E73: Unchecked | F73: Unchecked | G73: Male | H73: 60 | I73: Not Hispanic or Latino | J73: White | K73: 30.3 | L73: Yes | M73: Yes | N73: Yes | O73: No | Q73: Yes | R73: No | S73: No | T73: No | U73: No | V73: No | W73: No | X73: SBM1107.fcs | Y73: 19490 | Z73: 18962 | AA73: 18555 | AB73: 10768 | AC73: 213 | AD73: 213 | AE73: 203 | AF73: 203 | AG73: 201 | AH73: 88 | AI73: 66 | AJ73: 2 | AK73: 1 | AL73: 6545 | AM73: 1565 | AN73: 4632 | AO73: 133 | AP73: 83 | AQ73: 162 | AR73: 1795 | AS73: 1116 | AT73: 1099 | AU73: 725 | AV73: 33 | AW73: 594 | AX73: 34 | AY73: 500 | AZ73: 1551 | BA73: 24 | BB73: 3766 | BC73: 3534 | BD73: 15 | BE73: 112 | BF73: 3213 | BG73: 1457 | BH73: 23 | BI73: 500 | BJ73: 40 | BK73: 450 | BL73: 811 | BM73: 808 | BN73: 163 | BO73: 37 | BP73: 1547 | BQ73: 346 | BR73: 27 | BS73: 240 | BT73: 190 | BU73: 40 | BV73: 1162 | BW73: 1009 | BX73: 7
A74: 1021 | B74: CORONARY ARTERY BYPASS GRAFT OFF PUMP X 2 | C74: Checked | D74: Unchecked | E74: Unchecked | F74: Unchecked | G74: Female | H74: 71 | I74: Not Hispanic or Latino | J74: White | K74: 34.6 | L74: Yes | M74: No | N74: No | O74: Yes | P74: right lung cancer s/p resection of RUL in 2010 and radiation and 2010 and 2017 with mets to left adrenal gland s/p L adrenalectomy | Q74: Yes | R74: No | S74: Yes | T74: No | U74: No | V74: No | W74: No | X74: SBM1021.fcs | Y74: 36221 | Z74: 34723 | AA74: 34052 | AB74: 25348 | AC74: 1 | AD74: 1 | AE74: 0 | AF74: 0 | AG74: 0 | AH74: 0 | AI74: 0 | AJ74: 0 | AK74: 0 | AL74: 8936 | AM74: 2132 | AN74: 6627 | AO74: 753 | AP74: 2379 | AQ74: 3468 | AR74: 552 | AS74: 116 | AT74: 85 | AU74: 1790 | AV74: 25 | AW74: 263 | AX74: 83 | AY74: 154 | AZ74: 3893 | BA74: 49 | BB74: 16346 | BC74: 14272 | BD74: 499 | BE74: 99 | BF74: 12810 | BG74: 10079 | BH74: 45 | BI74: 4337 | BJ74: 1711 | BK74: 2272 | BL74: 4664 | BM74: 4636 | BN74: 835 | BO74: 582 | BP74: 2184 | BQ74: 136 | BR74: 122 | BS74: 605 | BT74: 217 | BU74: 365 | BV74: 1283 | BW74: 1030 | BX74: 15
A75: 1040 | B75: CORONARY ARTERY BYPASS GRAFT x1, LIMA, LEFT SAPHENOUS VEIN HARVEST (EVH) REPLACEMENT AORTIC VALVE | C75: Checked | D75: Checked | E75: Unchecked | F75: Unchecked | G75: Female | H75: 80 | I75: Not Hispanic or Latino | J75: White | K75: 41.9 | L75: Yes | M75: No | N75: No | O75: Yes | P75: Skin Cancer | Q75: Yes | R75: No | S75: Yes | T75: No | U75: No | V75: Yes | W75: No | X75: SBM1040.fcs | Y75: 69173 | Z75: 66483 | AA75: 62058 | AB75: 39796 | AC75: 913 | AD75: 890 | AE75: 792 | AF75: 791 | AG75: 788 | AH75: 157 | AI75: 534 | AJ75: 53 | AK75: 13 | AL75: 22630 | AM75: 2121 | AN75: 20291 | AO75: 984 | AP75: 1013 | AQ75: 999 | AR75: 12056 | AS75: 3069 | AT75: 3013 | AU75: 3179 | AV75: 436 | AW75: 2357 | AX75: 75 | AY75: 1955 | AZ75: 3783 | BA75: 48 | BB75: 15299 | BC75: 14780 | BD75: 191 | BE75: 288 | BF75: 13461 | BG75: 7442 | BH75: 36 | BI75: 4594 | BJ75: 1297 | BK75: 2954 | BL75: 2204 | BM75: 2186 | BN75: 664 | BO75: 205 | BP75: 5013 | BQ75: 1756 | BR75: 119 | BS75: 1009 | BT75: 587 | BU75: 351 | BV75: 3640 | BW75: 2576 | BX75: 7
A76: 1033 | B76: REPLACEMENT AORTIC VALVE CORONARY ARTERY BYPASS GRAFT x3, LEFT LEG ENDOSCOPIC SAPHENOUS VEIN HARVEST | C76: Checked | D76: Checked | E76: Unchecked | F76: Unchecked | G76: Male | H76: 79 | I76: Not Hispanic or Latino | J76: White | K76: 21.8 | L76: Yes | M76: No | N76: No | O76: Yes | P76: Adenocarcinoma of left lung 2021 | Q76: Yes | R76: Yes | S76: No | T76: No | U76: Yes | V76: No | W76: No | X76: SBM1033.fcs | Y76: 128942 | Z76: 125796 | AA76: 122517 | AB76: 55016 | AC76: 301 | AD76: 298 | AE76: 283 | AF76: 281 | AG76: 280 | AH76: 108 | AI76: 26 | AJ76: 0 | AK76: 0 | AL76: 39045 | AM76: 4140 | AN76: 33986 | AO76: 1626 | AP76: 2000 | AQ76: 4095 | AR76: 14520 | AS76: 1992 | AT76: 1773 | AU76: 6444 | AV76: 629 | AW76: 4481 | AX76: 135 | AY76: 4076 | AZ76: 10491 | BA76: 85 | BB76: 15102 | BC76: 13977 | BD76: 190 | BE76: 90 | BF76: 13318 | BG76: 7793 | BH76: 38 | BI76: 1699 | BJ76: 286 | BK76: 1342 | BL76: 5530 | BM76: 5493 | BN76: 1408 | BO76: 199 | BP76: 5054 | BQ76: 2254 | BR76: 122 | BS76: 345 | BT76: 241 | BU76: 81 | BV76: 4510 | BW76: 3052 | BX76: 68

Sheet athero
A1: Record ID | B1: Procedure(s) - notes | C1: file | D1: FlowCut-passed/Cells|count | E1: FlowCut-passed/Cells/Single Cells|count | F1: FlowCut-passed/Cells/Single Cells/Live Cells|count | G1: FlowCut-passed/Cells/Single Cells/Live Cells/CD45+|count | H1: FlowCut-passed/Cells/Single Cells/Live Cells/CD45+/CD3-/CD34+|count | I1: FlowCut-passed/Cells/Single Cells/Live Cells/CD45+/CD3-/CD34+/CD4-CD56-|count | J1: FlowCut-passed/Cells/Single Cells/Live Cells/CD45+/CD3-/CD34+/CD4-CD56-/CD20-CD123-|count | K1: FlowCut-passed/Cells/Single Cells/Live Cells/CD45+/CD3-/CD34+/CD4-CD56-/CD20-CD123-/CD14-CD16-|count | L1: FlowCut-passed/Cells/Single Cells/Live Cells/CD45+/CD3-/CD34+/CD4-CD56-/CD20-CD123-/CD14-CD16-/CD11b-CD11c-|count | M1: FlowCut-passed/Cells/Single Cells/Live Cells/CD45+/CD3-/CD34+/CD4-CD56-/CD20-CD123-/CD14-CD16-/CD11b-CD11c-/CD34+CD38-|count | N1: FlowCut-passed/Cells/Single Cells/Live Cells/CD45+/CD3-/CD34+/CD4-CD56-/CD20-CD123-/CD14-CD16-/CD11b-CD11c-/CD34+CD38+|count | O1: FlowCut-passed/Cells/Single Cells/Live Cells/CD45+/CD3-/CD34+/CD4-CD56-/CD20-CD123-/CD14-CD16-/CD11b-CD11c-/CD34+CD38+/Pro-B|count | P1: FlowCut-passed/Cells/Single Cells/Live Cells/CD45+/CD3-/CD34+/CD4-CD56-/CD20-CD123-/CD14-CD16-/CD11b-CD11c-/CD34+CD38+/Pre-pro-B|count | Q1: FlowCut-passed/Cells/Single Cells/Live Cells/CD45+/CD3-/CD34-|count | R1: FlowCut-passed/Cells/Single Cells/Live Cells/CD45+/CD3-/CD34-/B Cells|count | S1: FlowCut-passed/Cells/Single Cells/Live Cells/CD45+/CD3-/CD34-/CD19-/CD20-|count | T1: FlowCut-passed/Cells/Single Cells/Live Cells/CD45+/CD3-/CD34-/CD19-/CD20-/Early NK|count | U1: FlowCut-passed/Cells/Single Cells/Live Cells/CD45+/CD3-/CD34-/CD19-/CD20-/Mature NK|count | V1: FlowCut-passed/Cells/Single Cells/Live Cells/CD45+/CD3-/CD34-/CD19-/CD20-/Non-Classical Monocyte|count | W1: FlowCut-passed/Cells/Single Cells/Live Cells/CD45+/CD3-/CD34-/CD19-/CD20-/Classical Monocyte|count | X1: FlowCut-passed/Cells/Single Cells/Live Cells/CD45+/CD3-/CD34-/CD19-/CD20-/CD14+/HLA-DR-|count | Y1: FlowCut-passed/Cells/Single Cells/Live Cells/CD45+/CD3-/CD34-/CD19-/CD20-/CD14+/HLA-DR-/MDSC-like|count | Z1: FlowCut-passed/Cells/Single Cells/Live Cells/CD45+/CD3-/CD34-/CD19-/CD20-/Dendritic Cells|count | AA1: FlowCut-passed/Cells/Single Cells/Live Cells/CD45+/CD3-/CD34-/CD19-/CD20-/Dendritic Cells/pDC|count | AB1: FlowCut-passed/Cells/Single Cells/Live Cells/CD45+/CD3-/CD34-/CD19-/CD20-/Dendritic Cells/cDC|count | AC1: FlowCut-passed/Cells/Single Cells/Live Cells/CD45+/CD3-/CD34-/CD19-/CD20-/Dendritic Cells/cDC/CD16+ cDC|count | AD1: FlowCut-passed/Cells/Single Cells/Live Cells/CD45+/CD3-/CD34-/CD19-/CD20-/Dendritic Cells/cDC/CD16- cDC|count | AE1: FlowCut-passed/Cells/Single Cells/Live Cells/CD45+/CD3-/CD34-/CD19-/CD20-/CD14-/HLA-DR-|count | AF1: FlowCut-passed/Cells/Single Cells/Live Cells/CD45+/CD3-/CD34-/CD19-/CD20-/CD14-/HLA-DR-/ILC|count | AG1: FlowCut-passed/Cells/Single Cells/Live Cells/CD45+/CD3+/CD34-|count | AH1: FlowCut-passed/Cells/Single Cells/Live Cells/CD45+/CD3+/CD34-/TCRab+|count | AI1: FlowCut-passed/Cells/Single Cells/Live Cells/CD45+/CD3+/CD34-/TCRab+/NKT CD8-|count | AJ1: FlowCut-passed/Cells/Single Cells/Live Cells/CD45+/CD3+/CD34-/TCRab+/NKT CD8+|count | AK1: FlowCut-passed/Cells/Single Cells/Live Cells/CD45+/CD3+/CD34-/TCRab+/T Cell|count | AL1: FlowCut-passed/Cells/Single Cells/Live Cells/CD45+/CD3+/CD34-/TCRab+/T Cell/CD4+ T cell|count | AM1: FlowCut-passed/Cells/Single Cells/Live Cells/CD45+/CD3+/CD34-/TCRab+/T Cell/CD4+ T cell/Tregs|count | AN1: FlowCut-passed/Cells/Single Cells/Live Cells/CD45+/CD3+/CD34-/TCRab+/T Cell/CD4+ T cell/CD4+/CD197+|count | AO1: FlowCut-passed/Cells/Single Cells/Live Cells/CD45+/CD3+/CD34-/TCRab+/T Cell/CD4+ T cell/CD4+/CD197+/Naive CD4+ T Cell|count | AP1: FlowCut-passed/Cells/Single Cells/Live Cells/CD45+/CD3+/CD34-/TCRab+/T Cell/CD4+ T cell/CD4+/CD197+/Central Memory CD4+ T Cell|count | AQ1: FlowCut-passed/Cells/Single Cells/Live Cells/CD45+/CD3+/CD34-/TCRab+/T Cell/CD4+ T cell/CD4+/CD197-|count | AR1: FlowCut-passed/Cells/Single Cells/Live Cells/CD45+/CD3+/CD34-/TCRab+/T Cell/CD4+ T cell/CD4+/CD197-/Effector CD4+ T Cell|count | AS1: FlowCut-passed/Cells/Single Cells/Live Cells/CD45+/CD3+/CD34-/TCRab+/T Cell/CD4+ T cell/CD279+/CD4+ T Cell|count | AT1: FlowCut-passed/Cells/Single Cells/Live Cells/CD45+/CD3+/CD34-/TCRab+/T Cell/CD4+ T cell/CD279+/CD4+ T Cell/CD4+ TPex|count | AU1: FlowCut-passed/Cells/Single Cells/Live Cells/CD45+/CD3+/CD34-/TCRab+/T Cell/CD8+ T Cell|count | AV1: FlowCut-passed/Cells/Single Cells/Live Cells/CD45+/CD3+/CD34-/TCRab+/T Cell/CD8+ T Cell/CD279+/CD8+ T Cell|count | AW1: FlowCut-passed/Cells/Single Cells/Live Cells/CD45+/CD3+/CD34-/TCRab+/T Cell/CD8+ T Cell/CD279+/CD8+ T Cell/CD8+ TPex|count | AX1: FlowCut-passed/Cells/Single Cells/Live Cells/CD45+/CD3+/CD34-/TCRab+/T Cell/CD8+ T Cell/CD197+/CD8+ T Cell|count | AY1: FlowCut-passed/Cells/Single Cells/Live Cells/CD45+/CD3+/CD34-/TCRab+/T Cell/CD8+ T Cell/CD197+/CD8+ T Cell/Central Memory CD8+ T Cell|count | AZ1: FlowCut-passed/Cells/Single Cells/Live Cells/CD45+/CD3+/CD34-/TCRab+/T Cell/CD8+ T Cell/CD197+/CD8+ T Cell/Naive CD8+ T Cell|count | BA1: FlowCut-passed/Cells/Single Cells/Live Cells/CD45+/CD3+/CD34-/TCRab+/T Cell/CD8+ T Cell/CD197-/CD8+ T Cell|count | BB1: FlowCut-passed/Cells/Single Cells/Live Cells/CD45+/CD3+/CD34-/TCRab+/T Cell/CD8+ T Cell/CD197-/CD8+ T Cell/Effector CD8+ T Cell|count | BC1: FlowCut-passed/Cells/Single Cells/Live Cells/CD45+/CD3+/CD34-/gd T cell|count
A2: 1008 | B2: EXPLORATION AORTIC VALVE REPLACEMENT MITRAL VALVE AMPUTATION LEFT ATRIAL APPENDAGE ISOLATION PULMONARY VEIN | C2: SBM1008.fcs | D2: 47011 | E2: 45318 | F2: 44254 | G2: 27384 | H2: 190 | I2: 182 | J2: 169 | K2: 165 | L2: 163 | M2: 44 | N2: 104 | O2: 0 | P2: 0 | Q2: 13407 | R2: 3105 | S2: 9778 | T2: 647 | U2: 266 | V2: 438 | W2: 4268 | X2: 564 | Y2: 516 | Z2: 2355 | AA2: 374 | AB2: 1642 | AC2: 13 | AD2: 1617 | AE2: 2487 | AF2: 61 | AG2: 13320 | AH2: 12779 | AI2: 221 | AJ2: 168 | AK2: 11903 | AL2: 9575 | AM2: 12 | AN2: 7111 | AO2: 2140 | AP2: 4244 | AQ2: 1849 | AR2: 1802 | AS2: 826 | AT2: 357 | AU2: 2032 | AV2: 325 | AW2: 91 | AX2: 1281 | AY2: 85 | AZ2: 1159 | BA2: 679 | BB2: 496 | BC2: 3
A3: 1001 | B3: Repair Mitral Valve | C3: SBM1001.fcs | D3: 277764 | E3: 265500 | F3: 262632 | G3: 102216 | H3: 2698 | I3: 2649 | J3: 2482 | K3: 2472 | L3: 2463 | M3: 547 | N3: 1517 | O3: 53 | P3: 86 | Q3: 38541 | R3: 7265 | S3: 29957 | T3: 1300 | U3: 889 | V3: 1026 | W3: 13380 | X3: 5675 | Y3: 5624 | Z3: 8258 | AA3: 2276 | AB3: 5095 | AC3: 42 | AD3: 4884 | AE3: 5749 | AF3: 106 | AG3: 58069 | AH3: 55511 | AI3: 301 | AJ3: 176 | AK3: 53861 | AL3: 32786 | AM3: 130 | AN3: 19853 | AO3: 15656 | AP3: 3132 | AQ3: 7645 | AR3: 6090 | AS3: 1144 | AT3: 201 | AU3: 19694 | AV3: 1655 | AW3: 130 | AX3: 7234 | AY3: 298 | AZ3: 6835 | BA3: 11340 | BB3: 5716 | BC3: 154
A4: 1003 | B4: REPLACE SYSTEMIC TRICUSPID VALVE IN CCTGA CLOSURE PATENT FORAMEN OVALE PLACEMENT VENTRICUALR EPICARDIAL LEADS | C4: SBM1003.fcs | D4: 321845 | E4: 314310 | F4: 309191 | G4: 181785 | H4: 3329 | I4: 3197 | J4: 2976 | K4: 2935 | L4: 2904 | M4: 1162 | N4: 407 | O4: 9 | P4: 20 | Q4: 90578 | R4: 35124 | S4: 51872 | T4: 1659 | U4: 927 | V4: 2509 | W4: 21579 | X4: 11303 | Y4: 10861 | Z4: 13356 | AA4: 2863 | AB4: 8637 | AC4: 317 | AD4: 6310 | AE4: 9556 | AF4: 122 | AG4: 82123 | AH4: 75753 | AI4: 618 | AJ4: 651 | AK4: 72429 | AL4: 46060 | AM4: 125 | AN4: 38228 | AO4: 36081 | AP4: 1486 | AQ4: 5701 | AR4: 2403 | AS4: 5549 | AT4: 3054 | AU4: 24060 | AV4: 3824 | AW4: 736 | AX4: 8187 | AY4: 89 | AZ4: 7976 | BA4: 15216 | BB4: 788 | BC4: 165
A5: 1004 | B5: REPLACEMENT AORTIC VALVE REPLACEMENT HEMI ARCH ASCENDING AORTIC ANEURYSM MAZE PROCEDURE AMPUTATION LEFT ATRIAL APPENDAGE | C5: SBM1004.fcs | D5: 303378 | E5: 294206 | F5: 293104 | G5: 123429 | H5: 1998 | I5: 1955 | J5: 1890 | K5: 1861 | L5: 1855 | M5: 613 | N5: 927 | O5: 22 | P5: 32 | Q5: 29560 | R5: 2362 | S5: 26672 | T5: 1932 | U5: 3761 | V5: 4628 | W5: 9325 | X5: 247 | Y5: 234 | Z5: 3798 | AA5: 831 | AB5: 2116 | AC5: 104 | AD5: 1905 | AE5: 12819 | AF5: 385 | AG5: 89371 | AH5: 81626 | AI5: 368 | AJ5: 1572 | AK5: 77563 | AL5: 35933 | AM5: 693 | AN5: 11210 | AO5: 2531 | AP5: 7689 | AQ5: 22284 | AR5: 22077 | AS5: 1226 | AT5: 243 | AU5: 38816 | AV5: 5337 | AW5: 346 | AX5: 764 | AY5: 401 | AZ5: 306 | BA5: 37407 | BB5: 14084 | BC5: 126
A6: 1012 | B6: Reconstruction or replacement valve sparing aortic root | C6: SBM1012.fcs | D6: 270926 | E6: 265202 | F6: 261135 | G6: 167832 | H6: 1547 | I6: 1516 | J6: 1454 | K6: 1439 | L6: 1432 | M6: 639 | N6: 612 | O6: 16 | P6: 20 | Q6: 100530 | R6: 24253 | S6: 71034 | T6: 2153 | U6: 2647 | V6: 4370 | W6: 27309 | X6: 9535 | Y6: 9282 | Z6: 21634 | AA6: 4506 | AB6: 13647 | AC6: 155 | AD6: 12386 | AE6: 15506 | AF6: 214 | AG6: 63098 | AH6: 60720 | AI6: 522 | AJ6: 519 | AK6: 57375 | AL6: 25309 | AM6: 208 | AN6: 12451 | AO6: 7555 | AP6: 3972 | AQ6: 10943 | AR6: 10584 | AS6: 2019 | AT6: 434 | AU6: 29360 | AV6: 5302 | AW6: 760 | AX6: 12353 | AY6: 888 | AZ6: 11077 | BA6: 15587 | BB6: 10183 | BC6: 21
A7: 1015 | B7: THROMBOENDARTERECTOMY PULMONARY ARTERY WITH CARDIAC ARREST REPAIR TRICUSPID VALVE | C7: SBM1015.fcs | D7: 34385 | E7: 33666 | F7: 33296 | G7: 27707 | H7: 21 | I7: 21 | J7: 18 | K7: 18 | L7: 17 | M7: 7 | N7: 9 | O7: 0 | P7: 0 | Q7: 9378 | R7: 650 | S7: 8646 | T7: 486 | U7: 957 | V7: 1716 | W7: 4430 | X7: 2388 | Y7: 2368 | Z7: 585 | AA7: 193 | AB7: 357 | AC7: 160 | AD7: 166 | AE7: 3158 | AF7: 14 | AG7: 18081 | AH7: 17641 | AI7: 104 | AJ7: 15 | AK7: 17232 | AL7: 12711 | AM7: 47 | AN7: 8536 | AO7: 4280 | AP7: 3552 | AQ7: 3064 | AR7: 2988 | AS7: 669 | AT7: 502 | AU7: 4126 | AV7: 165 | AW7: 136 | AX7: 3792 | AY7: 67 | AZ7: 3653 | BA7: 200 | BB7: 146 | BC7: 2
A8: 1020 | B8: Replacement Aortic Valve | C8: SBM1020.fcs | D8: 120938 | E8: 118043 | F8: 117453 | G8: 95879 | H8: 1432 | I8: 1414 | J8: 1371 | K8: 1362 | L8: 1361 | M8: 806 | N8: 380 | O8: 26 | P8: 6 | Q8: 40720 | R8: 4743 | S8: 34778 | T8: 1331 | U8: 1857 | V8: 4280 | W8: 16106 | X8: 7580 | Y8: 7465 | Z8: 3794 | AA8: 601 | AB8: 2570 | AC8: 476 | AD8: 1879 | AE8: 12354 | AF8: 58 | AG8: 52416 | AH8: 50097 | AI8: 724 | AJ8: 513 | AK8: 46234 | AL8: 25558 | AM8: 655 | AN8: 14495 | AO8: 3917 | AP8: 9535 | AQ8: 9685 | AR8: 9643 | AS8: 2797 | AT8: 720 | AU8: 18289 | AV8: 4047 | AW8: 967 | AX8: 4293 | AY8: 1267 | AZ8: 2868 | BA8: 12911 | BB8: 8578 | BC8: 73
A9: 1022 | B9: REPLACEMENT MITRAL VALVE RESECTION MASS AORTIC VALVE REPAIR TRICUSPID VALVE MAZE PROCEDURE, LEFT ATRIAL APPENDAGE AMPUTATION, RIGHT ATRIAL REDUCTION | C9: SBM1022.fcs | D9: 214901 | E9: 208043 | F9: 204524 | G9: 115766 | H9: 1203 | I9: 1147 | J9: 1114 | K9: 1106 | L9: 1103 | M9: 231 | N9: 777 | O9: 25 | P9: 12 | Q9: 69363 | R9: 26951 | S9: 35074 | T9: 2522 | U9: 2953 | V9: 3384 | W9: 13383 | X9: 3161 | Y9: 2853 | Z9: 8709 | AA9: 1677 | AB9: 5405 | AC9: 172 | AD9: 5126 | AE9: 10282 | AF9: 172 | AG9: 42430 | AH9: 40972 | AI9: 162 | AJ9: 339 | AK9: 39428 | AL9: 23898 | AM9: 55 | AN9: 17942 | AO9: 13786 | AP9: 3233 | AQ9: 4811 | AR9: 4592 | AS9: 1748 | AT9: 404 | AU9: 13083 | AV9: 3842 | AW9: 335 | AX9: 1852 | AY9: 421 | AZ9: 1377 | BA9: 10786 | BB9: 6785 | BC9: 26
A10: 1039 | B10: REPLACEMENT AORTIC VALVE (BIO), AORTIC ROOT ENLARGEMENT | C10: SBM1039.fcs | D10: 135493 | E10: 133046 | F10: 127178 | G10: 72801 | H10: 614 | I10: 608 | J10: 549 | K10: 548 | L10: 548 | M10: 141 | N10: 335 | O10: 7 | P10: 22 | Q10: 29246 | R10: 11935 | S10: 16230 | T10: 1327 | U10: 249 | V10: 650 | W10: 4820 | X10: 683 | Y10: 641 | Z10: 5380 | AA10: 710 | AB10: 4089 | AC10: 142 | AD10: 3736 | AE10: 4702 | AF10: 141 | AG10: 42314 | AH10: 40762 | AI10: 185 | AJ10: 75 | AK10: 39969 | AL10: 21686 | AM10: 60 | AN10: 11094 | AO10: 2039 | AP10: 8470 | AQ10: 8422 | AR10: 8345 | AS10: 3409 | AT10: 1251 | AU10: 16986 | AV10: 6980 | AW10: 883 | AX10: 4502 | AY10: 2061 | AZ10: 2107 | BA10: 11421 | BB10: 9040 | BC10: 32
A11: 1047 | B11: COMPOSITE AORTIC ROOT, RECONSTRUCTION HEMIARCH REPLACEMENT VALVE SPARING AORTIC ROOT MAZE PROCEDURE/ Left atrial appendage ligation | C11: SBM1047.fcs | D11: 78807 | E11: 74432 | F11: 72740 | G11: 51195 | H11: 531 | I11: 515 | J11: 491 | K11: 488 | L11: 487 | M11: 167 | N11: 256 | O11: 11 | P11: 6 | Q11: 33201 | R11: 2892 | S11: 28840 | T11: 1075 | U11: 491 | V11: 4550 | W11: 13389 | X11: 4064 | Y11: 3859 | Z11: 5159 | AA11: 485 | AB11: 3925 | AC11: 111 | AD11: 3465 | AE11: 8058 | AF11: 81 | AG11: 16336 | AH11: 15513 | AI11: 199 | AJ11: 133 | AK11: 14466 | AL11: 7424 | AM11: 187 | AN11: 3483 | AO11: 714 | AP11: 2585 | AQ11: 3166 | AR11: 3130 | AS11: 690 | AT11: 136 | AU11: 5861 | AV11: 1647 | AW11: 146 | AX11: 1485 | AY11: 621 | AZ11: 786 | BA11: 3817 | BB11: 3168 | BC11: 16
A12: 1048 | B12: Removal of Right atrial foreing body, PARASTERNAL BLOCK REPAIR TRICUSPID VALVE | C12: SBM1048.fcs | D12: 148761 | E12: 144702 | F12: 136700 | G12: 94801 | H12: 74 | I12: 67 | J12: 59 | K12: 59 | L12: 59 | M12: 12 | N12: 40 | O12: 0 | P12: 0 | Q12: 32910 | R12: 7765 | S12: 24615 | T12: 1384 | U12: 2647 | V12: 4320 | W12: 9659 | X12: 4074 | Y12: 3993 | Z12: 1735 | AA12: 365 | AB12: 1149 | AC12: 95 | AD12: 1023 | AE12: 12211 | AF12: 176 | AG12: 61337 | AH12: 55718 | AI12: 535 | AJ12: 373 | AK12: 53500 | AL12: 30299 | AM12: 64 | AN12: 19538 | AO12: 7660 | AP12: 10219 | AQ12: 8767 | AR12: 8712 | AS12: 2332 | AT12: 695 | AU12: 20453 | AV12: 3134 | AW12: 466 | AX12: 11251 | AY12: 1902 | AZ12: 8800 | BA12: 8324 | BB12: 6821 | BC12: 163
A13: 1059 | B13: REPLACEMENT AORTIC VALVE MAZE PROCEDURE/ left atrial appendage resection AORTIC ROOT enlargement | C13: SBM1059.fcs | D13: 175293 | E13: 171404 | F13: 153549 | G13: 81209 | H13: 561 | I13: 553 | J13: 533 | K13: 528 | L13: 524 | M13: 147 | N13: 326 | O13: 11 | P13: 5 | Q13: 40538 | R13: 6160 | S13: 33620 | T13: 385 | U13: 194 | V13: 2092 | W13: 14943 | X13: 2752 | Y13: 2657 | Z13: 8456 | AA13: 1474 | AB13: 6124 | AC13: 144 | AD13: 5295 | AE13: 7688 | AF13: 101 | AG13: 39051 | AH13: 36347 | AI13: 139 | AJ13: 66 | AK13: 35628 | AL13: 22138 | AM13: 58 | AN13: 9610 | AO13: 2984 | AP13: 5998 | AQ13: 10519 | AR13: 10321 | AS13: 2520 | AT13: 478 | AU13: 9728 | AV13: 2196 | AW13: 221 | AX13: 1990 | AY13: 844 | AZ13: 1027 | BA13: 7202 | BB13: 4229 | BC13: 53
... A77: 1118 | B77: OFF PUMP CABG x 1, LIMA-LAD | C77: SBM1118.fcs | D77: 122549 | E77: 120601 | F77: 112566 | G77: 82654 | H77: 337 | I77: 336 | J77: 313 | K77: 310 | L77: 310 | M77: 92 | N77: 146 | O77: 4 | P77: 1 | Q77: 24810 | R77: 4293 | S77: 19820 | T77: 700 | U77: 529 | V77: 2170 | W77: 6115 | X77: 1966 | Y77: 1867 | Z77: 3728 | AA77: 572 | AB77: 2838 | AC77: 278 | AD77: 2252 | AE77: 8684 | AF77: 441 | AG77: 56435 | AH77: 53241 | AI77: 104 | AJ77: 56 | AK77: 52619 | AL77: 32913 | AM77: 163 | AN77: 15351 | AO77: 6801 | AP77: 7526 | AQ77: 14811 | AR77: 14556 | AS77: 1260 | AT77: 391 | AU77: 15668 | AV77: 1850 | AW77: 254 | AX77: 8198 | AY77: 934 | AZ77: 6844 | BA77: 6524 | BB77: 5663 | BC77: 35
A78: ttest | D78: =TTEST(D2:D40,D42:D77,2,2) -> 0.093447571 | E78: =TTEST(E2:E40,E42:E77,2,2) -> 0.083935972 | F78: =TTEST(F2:F40,F42:F77,2,2) -> 0.090269048 | G78: =TTEST(G2:G40,G42:G77,2,2) -> 0.10366365 | H78: =TTEST(H2:H40,H42:H77,2,2) -> 0.58408189 | I78: =TTEST(I2:I40,I42:I77,2,2) -> 0.56188665 | J78: =TTEST(J2:J40,J42:J77,2,2) -> 0.5360974 | K78: =TTEST(K2:K40,K42:K77,2,2) -> 0.5280337 | ... BC78: =TTEST(BC2:BC40,BC42:BC77,2,2) -> 0.25234222

Sheet athero_norm_live cell
A1: Record ID | B1: Procedure(s) - notes | C1: file | D1: FlowCut-passed/Cells|count | E1: FlowCut-passed/Cells/Single Cells|count | F1: FlowCut-passed/Cells/Single Cells/Live Cells|count | G1: FlowCut-passed/Cells/Single Cells/Live Cells/CD45+|count | H1: FlowCut-passed/Cells/Single Cells/Live Cells/CD45+/CD3-/CD34+|count | I1: FlowCut-passed/Cells/Single Cells/Live Cells/CD45+/CD3-/CD34+/CD4-CD56-|count | J1: FlowCut-passed/Cells/Single Cells/Live Cells/CD45+/CD3-/CD34+/CD4-CD56-/CD20-CD123-|count | K1: FlowCut-passed/Cells/Single Cells/Live Cells/CD45+/CD3-/CD34+/CD4-CD56-/CD20-CD123-/CD14-CD16-|count | L1: FlowCut-passed/Cells/Single Cells/Live Cells/CD45+/CD3-/CD34+/CD4-CD56-/CD20-CD123-/CD14-CD16-/CD11b-CD11c-|count | M1: FlowCut-passed/Cells/Single Cells/Live Cells/CD45+/CD3-/CD34+/CD4-CD56-/CD20-CD123-/CD14-CD16-/CD11b-CD11c-/CD34+CD38-|count | N1: FlowCut-passed/Cells/Single Cells/Live Cells/CD45+/CD3-/CD34+/CD4-CD56-/CD20-CD123-/CD14-CD16-/CD11b-CD11c-/CD34+CD38+|count | O1: FlowCut-passed/Cells/Single Cells/Live Cells/CD45+/CD3-/CD34+/CD4-CD56-/CD20-CD123-/CD14-CD16-/CD11b-CD11c-/CD34+CD38+/Pro-B|count | P1: FlowCut-passed/Cells/Single Cells/Live Cells/CD45+/CD3-/CD34+/CD4-CD56-/CD20-CD123-/CD14-CD16-/CD11b-CD11c-/CD34+CD38+/Pre-pro-B|count | Q1: FlowCut-passed/Cells/Single Cells/Live Cells/CD45+/CD3-/CD34-|count | R1: FlowCut-passed/Cells/Single Cells/Live Cells/CD45+/CD3-/CD34-/B Cells|count | S1: FlowCut-passed/Cells/Single Cells/Live Cells/CD45+/CD3-/CD34-/CD19-/CD20-|count | T1: FlowCut-passed/Cells/Single Cells/Live Cells/CD45+/CD3-/CD34-/CD19-/CD20-/Early NK|count | U1: FlowCut-passed/Cells/Single Cells/Live Cells/CD45+/CD3-/CD34-/CD19-/CD20-/Mature NK|count | V1: FlowCut-passed/Cells/Single Cells/Live Cells/CD45+/CD3-/CD34-/CD19-/CD20-/Non-Classical Monocyte|count | W1: FlowCut-passed/Cells/Single Cells/Live Cells/CD45+/CD3-/CD34-/CD19-/CD20-/Classical Monocyte|count | X1: FlowCut-passed/Cells/Single Cells/Live Cells/CD45+/CD3-/CD34-/CD19-/CD20-/CD14+/HLA-DR-|count | Y1: FlowCut-passed/Cells/Single Cells/Live Cells/CD45+/CD3-/CD34-/CD19-/CD20-/CD14+/HLA-DR-/MDSC-like|count | Z1: FlowCut-passed/Cells/Single Cells/Live Cells/CD45+/CD3-/CD34-/CD19-/CD20-/Dendritic Cells|count | AA1: FlowCut-passed/Cells/Single Cells/Live Cells/CD45+/CD3-/CD34-/CD19-/CD20-/Dendritic Cells/pDC|count | AB1: FlowCut-passed/Cells/Single Cells/Live Cells/CD45+/CD3-/CD34-/CD19-/CD20-/Dendritic Cells/cDC|count | AC1: FlowCut-passed/Cells/Single Cells/Live Cells/CD45+/CD3-/CD34-/CD19-/CD20-/Dendritic Cells/cDC/CD16+ cDC|count | AD1: FlowCut-passed/Cells/Single Cells/Live Cells/CD45+/CD3-/CD34-/CD19-/CD20-/Dendritic Cells/cDC/CD16- cDC|count | AE1: FlowCut-passed/Cells/Single Cells/Live Cells/CD45+/CD3-/CD34-/CD19-/CD20-/CD14-/HLA-DR-|count | AF1: FlowCut-passed/Cells/Single Cells/Live Cells/CD45+/CD3-/CD34-/CD19-/CD20-/CD14-/HLA-DR-/ILC|count | AG1: FlowCut-passed/Cells/Single Cells/Live Cells/CD45+/CD3+/CD34-|count | AH1: FlowCut-passed/Cells/Single Cells/Live Cells/CD45+/CD3+/CD34-/TCRab+|count | AI1: FlowCut-passed/Cells/Single Cells/Live Cells/CD45+/CD3+/CD34-/TCRab+/NKT CD8-|count | AJ1: FlowCut-passed/Cells/Single Cells/Live Cells/CD45+/CD3+/CD34-/TCRab+/NKT CD8+|count | AK1: FlowCut-passed/Cells/Single Cells/Live Cells/CD45+/CD3+/CD34-/TCRab+/T Cell|count | AL1: FlowCut-passed/Cells/Single Cells/Live Cells/CD45+/CD3+/CD34-/TCRab+/T Cell/CD4+ T cell|count | AM1: FlowCut-passed/Cells/Single Cells/Live Cells/CD45+/CD3+/CD34-/TCRab+/T Cell/CD4+ T cell/Tregs|count | AN1: FlowCut-passed/Cells/Single Cells/Live Cells/CD45+/CD3+/CD34-/TCRab+/T Cell/CD4+ T cell/CD4+/CD197+|count | AO1: FlowCut-passed/Cells/Single Cells/Live Cells/CD45+/CD3+/CD34-/TCRab+/T Cell/CD4+ T cell/CD4+/CD197+/Naive CD4+ T Cell|count | AP1: FlowCut-passed/Cells/Single Cells/Live Cells/CD45+/CD3+/CD34-/TCRab+/T Cell/CD4+ T cell/CD4+/CD197+/Central Memory CD4+ T Cell|count | AQ1: FlowCut-passed/Cells/Single Cells/Live Cells/CD45+/CD3+/CD34-/TCRab+/T Cell/CD4+ T cell/CD4+/CD197-|count | AR1: FlowCut-passed/Cells/Single Cells/Live Cells/CD45+/CD3+/CD34-/TCRab+/T Cell/CD4+ T cell/CD4+/CD197-/Effector CD4+ T Cell|count | AS1: FlowCut-passed/Cells/Single Cells/Live Cells/CD45+/CD3+/CD34-/TCRab+/T Cell/CD4+ T cell/CD279+/CD4+ T Cell|count | AT1: FlowCut-passed/Cells/Single Cells/Live Cells/CD45+/CD3+/CD34-/TCRab+/T Cell/CD4+ T cell/CD279+/CD4+ T Cell/CD4+ TPex|count | AU1: FlowCut-passed/Cells/Single Cells/Live Cells/CD45+/CD3+/CD34-/TCRab+/T Cell/CD8+ T Cell|count | AV1: FlowCut-passed/Cells/Single Cells/Live Cells/CD45+/CD3+/CD34-/TCRab+/T Cell/CD8+ T Cell/CD279+/CD8+ T Cell|count | AW1: FlowCut-passed/Cells/Single Cells/Live Cells/CD45+/CD3+/CD34-/TCRab+/T Cell/CD8+ T Cell/CD279+/CD8+ T Cell/CD8+ TPex|count | AX1: FlowCut-passed/Cells/Single Cells/Live Cells/CD45+/CD3+/CD34-/TCRab+/T Cell/CD8+ T Cell/CD197+/CD8+ T Cell|count | AY1: FlowCut-passed/Cells/Single Cells/Live Cells/CD45+/CD3+/CD34-/TCRab+/T Cell/CD8+ T Cell/CD197+/CD8+ T Cell/Central Memory CD8+ T Cell|count | AZ1: FlowCut-passed/Cells/Single Cells/Live Cells/CD45+/CD3+/CD34-/TCRab+/T Cell/CD8+ T Cell/CD197+/CD8+ T Cell/Naive CD8+ T Cell|count | BA1: FlowCut-passed/Cells/Single Cells/Live Cells/CD45+/CD3+/CD34-/TCRab+/T Cell/CD8+ T Cell/CD197-/CD8+ T Cell|count | BB1: FlowCut-passed/Cells/Single Cells/Live Cells/CD45+/CD3+/CD34-/TCRab+/T Cell/CD8+ T Cell/CD197-/CD8+ T Cell/Effector CD8+ T Cell|count | BC1: FlowCut-passed/Cells/Single Cells/Live Cells/CD45+/CD3+/CD34-/gd T cell|count
A2: 1008 | B2: EXPLORATION AORTIC VALVE REPLACEMENT MITRAL VALVE AMPUTATION LEFT ATRIAL APPENDAGE ISOLATION PULMONARY VEIN | C2: SBM1008.fcs | D2: 47011 | E2: 45318 | F2: 44254 | G2: =athero!G2/athero!$F2 -> 0.61879152 | H2: =athero!H2/athero!$F2 -> 0.0042933972 | I2: =athero!I2/athero!$F2 -> 0.0041126226 | J2: =athero!J2/athero!$F2 -> 0.0038188638 | K2: =athero!K2/athero!$F2 -> 0.0037284765 | L2: =athero!L2/athero!$F2 -> 0.0036832829 | M2: =athero!M2/athero!$F2 -> 0.00099426041 | N2: =athero!N2/athero!$F2 -> 0.0023500701 | ... BC2: =athero!BC2/athero!$F2 -> 6.7790482e-05
A3: 1001 | B3: Repair Mitral Valve | C3: SBM1001.fcs | D3: 277764 | E3: 265500 | F3: 262632 | G3: =athero!G3/athero!$F3 -> 0.38919857 | H3: =athero!H3/athero!$F3 -> 0.010272929 | I3: =athero!I3/athero!$F3 -> 0.010086357 | J3: =athero!J3/athero!$F3 -> 0.0094504859 | K3: =athero!K3/athero!$F3 -> 0.0094124098 | L3: =athero!L3/athero!$F3 -> 0.0093781413 | M3: =athero!M3/athero!$F3 -> 0.0020827622 | N3: =athero!N3/athero!$F3 -> 0.005776143 | ... BC3: =athero!BC3/athero!$F3 -> 0.00058637181
A4: 1003 | B4: REPLACE SYSTEMIC TRICUSPID VALVE IN CCTGA CLOSURE PATENT FORAMEN OVALE PLACEMENT VENTRICUALR EPICARDIAL LEADS | C4: SBM1003.fcs | D4: 321845 | E4: 314310 | F4: 309191 | G4: =athero!G4/athero!$F4 -> 0.58793755 | H4: =athero!H4/athero!$F4 -> 0.010766808 | I4: =athero!I4/athero!$F4 -> 0.010339887 | J4: =athero!J4/athero!$F4 -> 0.0096251185 | K4: =athero!K4/athero!$F4 -> 0.0094925143 | L4: =athero!L4/athero!$F4 -> 0.0093922527 | M4: =athero!M4/athero!$F4 -> 0.0037581948 | N4: =athero!N4/athero!$F4 -> 0.0013163384 | ... BC4: =athero!BC4/athero!$F4 -> 0.00053365072
A5: 1004 | B5: REPLACEMENT AORTIC VALVE REPLACEMENT HEMI ARCH ASCENDING AORTIC ANEURYSM MAZE PROCEDURE AMPUTATION LEFT ATRIAL APPENDAGE | C5: SBM1004.fcs | D5: 303378 | E5: 294206 | F5: 293104 | G5: =athero!G5/athero!$F5 -> 0.42110991 | H5: =athero!H5/athero!$F5 -> 0.0068166931 | I5: =athero!I5/athero!$F5 -> 0.0066699874 | J5: =athero!J5/athero!$F5 -> 0.0064482232 | K5: =athero!K5/athero!$F5 -> 0.0063492822 | L5: =athero!L5/athero!$F5 -> 0.0063288116 | M5: =athero!M5/athero!$F5 -> 0.0020914078 | N5: =athero!N5/athero!$F5 -> 0.0031626999 | ... BC5: =athero!BC5/athero!$F5 -> 0.00042988154
A6: 1012 | B6: Reconstruction or replacement valve sparing aortic root | C6: SBM1012.fcs | D6: 270926 | E6: 265202 | F6: 261135 | G6: =athero!G6/athero!$F6 -> 0.64270205 | H6: =athero!H6/athero!$F6 -> 0.0059241389 | I6: =athero!I6/athero!$F6 -> 0.0058054263 | J6: =athero!J6/athero!$F6 -> 0.0055680012 | K6: =athero!K6/athero!$F6 -> 0.0055105597 | L6: =athero!L6/athero!$F6 -> 0.0054837536 | M6: =athero!M6/athero!$F6 -> 0.0024470102 | N6: =athero!N6/athero!$F6 -> 0.0023436154 | ... BC6: =athero!BC6/athero!$F6 -> 8.0418175e-05
A7: 1015 | B7: THROMBOENDARTERECTOMY PULMONARY ARTERY WITH CARDIAC ARREST REPAIR TRICUSPID VALVE | C7: SBM1015.fcs | D7: 34385 | E7: 33666 | F7: 33296 | G7: =athero!G7/athero!$F7 -> 0.832142 | H7: =athero!H7/athero!$F7 -> 0.00063070639 | I7: =athero!I7/athero!$F7 -> 0.00063070639 | J7: =athero!J7/athero!$F7 -> 0.00054060548 | K7: =athero!K7/athero!$F7 -> 0.00054060548 | L7: =athero!L7/athero!$F7 -> 0.00051057184 | M7: =athero!M7/athero!$F7 -> 0.00021023546 | N7: =athero!N7/athero!$F7 -> 0.00027030274 | ... BC7: =athero!BC7/athero!$F7 -> 6.0067275e-05
A8: 1020 | B8: Replacement Aortic Valve | C8: SBM1020.fcs | D8: 120938 | E8: 118043 | F8: 117453 | G8: =athero!G8/athero!$F8 -> 0.81631802 | H8: =athero!H8/athero!$F8 -> 0.012192111 | I8: =athero!I8/athero!$F8 -> 0.012038858 | J8: =athero!J8/athero!$F8 -> 0.011672754 | K8: =athero!K8/athero!$F8 -> 0.011596128 | L8: =athero!L8/athero!$F8 -> 0.011587614 | M8: =athero!M8/athero!$F8 -> 0.0068623194 | N8: =athero!N8/athero!$F8 -> 0.0032353367 | ... BC8: =athero!BC8/athero!$F8 -> 0.00062152521
A9: 1022 | B9: REPLACEMENT MITRAL VALVE RESECTION MASS AORTIC VALVE REPAIR TRICUSPID VALVE MAZE PROCEDURE, LEFT ATRIAL APPENDAGE AMPUTATION, RIGHT ATRIAL REDUCTION | C9: SBM1022.fcs | D9: 214901 | E9: 208043 | F9: 204524 | G9: =athero!G9/athero!$F9 -> 0.56602648 | H9: =athero!H9/athero!$F9 -> 0.0058819503 | I9: =athero!I9/athero!$F9 -> 0.0056081438 | J9: =athero!J9/athero!$F9 -> 0.0054467935 | K9: =athero!K9/athero!$F9 -> 0.0054076783 | L9: =athero!L9/athero!$F9 -> 0.0053930101 | M9: =athero!M9/athero!$F9 -> 0.0011294518 | N9: =athero!N9/athero!$F9 -> 0.0037990651 | ... BC9: =athero!BC9/athero!$F9 -> 0.00012712445
A10: 1039 | B10: REPLACEMENT AORTIC VALVE (BIO), AORTIC ROOT ENLARGEMENT | C10: SBM1039.fcs | D10: 135493 | E10: 133046 | F10: 127178 | G10: =athero!G10/athero!$F10 -> 0.57243391 | H10: =athero!H10/athero!$F10 -> 0.004827879 | I10: =athero!I10/athero!$F10 -> 0.0047807011 | J10: =athero!J10/athero!$F10 -> 0.0043167843 | K10: =athero!K10/athero!$F10 -> 0.0043089214 | L10: =athero!L10/athero!$F10 -> 0.0043089214 | M10: =athero!M10/athero!$F10 -> 0.0011086823 | N10: =athero!N10/athero!$F10 -> 0.0026341034 | ... BC10: =athero!BC10/athero!$F10 -> 0.00025161585
A11: 1047 | B11: COMPOSITE AORTIC ROOT, RECONSTRUCTION HEMIARCH REPLACEMENT VALVE SPARING AORTIC ROOT MAZE PROCEDURE/ Left atrial appendage ligation | C11: SBM1047.fcs | D11: 78807 | E11: 74432 | F11: 72740 | G11: =athero!G11/athero!$F11 -> 0.70380808 | H11: =athero!H11/athero!$F11 -> 0.0072999725 | I11: =athero!I11/athero!$F11 -> 0.007080011 | J11: =athero!J11/athero!$F11 -> 0.0067500687 | K11: =athero!K11/athero!$F11 -> 0.006708826 | L11: =athero!L11/athero!$F11 -> 0.0066950784 | M11: =athero!M11/athero!$F11 -> 0.0022958482 | N11: =athero!N11/athero!$F11 -> 0.0035193841 | ... BC11: =athero!BC11/athero!$F11 -> 0.00021996151
A12: 1048 | B12: Removal of Right atrial foreing body, PARASTERNAL BLOCK REPAIR TRICUSPID VALVE | C12: SBM1048.fcs | D12: 148761 | E12: 144702 | F12: 136700 | G12: =athero!G12/athero!$F12 -> 0.69349671 | H12: =athero!H12/athero!$F12 -> 0.00054133138 | I12: =athero!I12/athero!$F12 -> 0.00049012436 | J12: =athero!J12/athero!$F12 -> 0.00043160205 | K12: =athero!K12/athero!$F12 -> 0.00043160205 | L12: =athero!L12/athero!$F12 -> 0.00043160205 | M12: =athero!M12/athero!$F12 -> 8.7783467e-05 | N12: =athero!N12/athero!$F12 -> 0.00029261156 | ... BC12: =athero!BC12/athero!$F12 -> 0.0011923921
A13: 1059 | B13: REPLACEMENT AORTIC VALVE MAZE PROCEDURE/ left atrial appendage resection AORTIC ROOT enlargement | C13: SBM1059.fcs | D13: 175293 | E13: 171404 | F13: 153549 | G13: =athero!G13/athero!$F13 -> 0.52888003 | H13: =athero!H13/athero!$F13 -> 0.0036535568 | I13: =athero!I13/athero!$F13 -> 0.0036014562 | J13: =athero!J13/athero!$F13 -> 0.0034712046 | K13: =athero!K13/athero!$F13 -> 0.0034386417 | L13: =athero!L13/athero!$F13 -> 0.0034125914 | M13: =athero!M13/athero!$F13 -> 0.00095734912 | N13: =athero!N13/athero!$F13 -> 0.0021231008 | ... BC13: =athero!BC13/athero!$F13 -> 0.00034516669
... A40: 1321 | B40: REPLACEMENT AORTIC VALVE, ERAS REPLACE ANEURYSM ASCENDING AORTA | C40: SBM1321.fcs | D40: 202436 | E40: 196874 | F40: 194481 | G40: =athero!G40/athero!$F40 -> 0.90452538 | H40: =athero!H40/athero!$F40 -> 0.00074557412 | I40: =athero!I40/athero!$F40 -> 0.00073529034 | J40: =athero!J40/athero!$F40 -> 0.00068901332 | K40: =athero!K40/athero!$F40 -> 0.00068387143 | L40: =athero!L40/athero!$F40 -> 0.00068387143 | M40: =athero!M40/athero!$F40 -> 0.00016968239 | N40: =athero!N40/athero!$F40 -> 0.00035479044 | ... BC40: =athero!BC40/athero!$F40 -> 0.00051933094
G41: =athero!G41/athero!$F41 -> #DIV/0! | H41: =athero!H41/athero!$F41 -> #DIV/0! | I41: =athero!I41/athero!$F41 -> #DIV/0! | J41: =athero!J41/athero!$F41 -> #DIV/0! | K41: =athero!K41/athero!$F41 -> #DIV/0! | L41: =athero!L41/athero!$F41 -> #DIV/0! | M41: =athero!M41/athero!$F41 -> #DIV/0! | N41: =athero!N41/athero!$F41 -> #DIV/0! | ... BC41: =athero!BC41/athero!$F41 -> #DIV/0!
A42: 1156 | B42: Coronary Artery Bypass Graft Repair Mitral Valve | C42: SBM1156.fcs | D42: 94953 | E42: 87185 | F42: 85970 | G42: =athero!G42/athero!$F42 -> 0.64492265 | H42: =athero!H42/athero!$F42 -> 0.0074560893 | I42: =athero!I42/athero!$F42 -> 0.0071536583 | J42: =athero!J42/athero!$F42 -> 0.0065604281 | K42: =athero!K42/athero!$F42 -> 0.0064790043 | L42: =athero!L42/athero!$F42 -> 0.0063859486 | M42: =athero!M42/athero!$F42 -> 0.0017680586 | N42: =athero!N42/athero!$F42 -> 0.0038850762 | ... BC42: =athero!BC42/athero!$F42 -> 0.00017447947
A43: 1158 | B43: REPLACEMENT AORTIC ROOT REPAIR OR REPLACEMENT HEMI ARCH ASCENDING AORTA CORONARY ARTERY BYPASS GRAFT x1, COMPOSITE AORTIC ROOT | C43: SBM1158.fcs | D43: 214097 | E43: 190556 | F43: 189560 | G43: =athero!G43/athero!$F43 -> 0.65764402 | H43: =athero!H43/athero!$F43 -> 0.0012713653 | I43: =athero!I43/athero!$F43 -> 0.001239713 | J43: =athero!J43/athero!$F43 -> 0.0011711332 | K43: =athero!K43/athero!$F43 -> 0.0011447563 | L43: =athero!L43/athero!$F43 -> 0.0010972779 | M43: =athero!M43/athero!$F43 -> 0.00029542097 | N43: =athero!N43/athero!$F43 -> 0.00040092847 | ... BC43: =athero!BC43/athero!$F43 -> 0.00025321798
A44: 1040 | B44: CORONARY ARTERY BYPASS GRAFT x1, LIMA, LEFT SAPHENOUS VEIN HARVEST (EVH) REPLACEMENT AORTIC VALVE | C44: SBM1040.fcs | D44: 69173 | E44: 66483 | F44: 62058 | G44: =athero!G44/athero!$F44 -> 0.64127107 | H44: =athero!H44/athero!$F44 -> 0.014712044 | I44: =athero!I44/athero!$F44 -> 0.014341423 | J44: =athero!J44/athero!$F44 -> 0.012762255 | K44: =athero!K44/athero!$F44 -> 0.012746141 | L44: =athero!L44/athero!$F44 -> 0.012697799 | M44: =athero!M44/athero!$F44 -> 0.0025298914 | N44: =athero!N44/athero!$F44 -> 0.0086048535 | ... BC44: =athero!BC44/athero!$F44 -> 0.00011279771
A45: 1154 | B45: Repair Mitral Valve (ERAS) Repair Tricuspid Valve Coronary Artery Bypass Graft | C45: SBM1154.fcs | D45: 105939 | E45: 97892 | F45: 91684 | G45: =athero!G45/athero!$F45 -> 0.66018062 | H45: =athero!H45/athero!$F45 -> 0.0036538545 | I45: =athero!I45/athero!$F45 -> 0.0035011561 | J45: =athero!J45/athero!$F45 -> 0.0033593648 | K45: =athero!K45/athero!$F45 -> 0.0033048296 | L45: =athero!L45/athero!$F45 -> 0.0032939226 | M45: =athero!M45/athero!$F45 -> 0.001156145 | N45: =athero!N45/athero!$F45 -> 0.0014615418 | ... BC45: =athero!BC45/athero!$F45 -> 0.00094891148
A46: 1046 | B46: REPLACEMENT AORTIC VALVE CABG X 1, LEFT SV ENDOHARVEST | C46: SBM1046.fcs | D46: 56307 | E46: 54235 | F46: 51105 | G46: =athero!G46/athero!$F46 -> 0.43240387 | H46: =athero!H46/athero!$F46 -> 0.010116427 | I46: =athero!I46/athero!$F46 -> 0.010057724 | J46: =athero!J46/athero!$F46 -> 0.0098620487 | K46: =athero!K46/athero!$F46 -> 0.0098620487 | L46: =athero!L46/athero!$F46 -> 0.0098620487 | M46: =athero!M46/athero!$F46 -> 0.0036982683 | N46: =athero!N46/athero!$F46 -> 0.0044418354 | ... BC46: =athero!BC46/athero!$F46 -> 0.00017610801
A47: 1033 | B47: REPLACEMENT AORTIC VALVE CORONARY ARTERY BYPASS GRAFT x3, LEFT LEG ENDOSCOPIC SAPHENOUS VEIN HARVEST | C47: SBM1033.fcs | D47: 128942 | E47: 125796 | F47: 122517 | G47: =athero!G47/athero!$F47 -> 0.44904789 | H47: =athero!H47/athero!$F47 -> 0.0024568019 | I47: =athero!I47/athero!$F47 -> 0.0024323155 | J47: =athero!J47/athero!$F47 -> 0.0023098835 | K47: =athero!K47/athero!$F47 -> 0.0022935593 | L47: =athero!L47/athero!$F47 -> 0.0022853971 | M47: =athero!M47/athero!$F47 -> 0.00088151032 | N47: =athero!N47/athero!$F47 -> 0.00021221545 | ... BC47: =athero!BC47/athero!$F47 -> 0.00055502502
A48: 1103 | B48: REPLACEMENT AORTIC VALVE REPLACEMENT HEMI ARCH ASCENDING AORTA CORONARY ARTERY BYPASS GRAFT x2 WITH LEFT LEG ENDOSCOPIC SAPHENOUS VEIN HARVEST | C48: SBM1103.fcs | D48: 247391 | E48: 242168 | F48: 230207 | G48: =athero!G48/athero!$F48 -> 0.30837898 | H48: =athero!H48/athero!$F48 -> 0.0029364876 | I48: =athero!I48/athero!$F48 -> 0.0028973923 | J48: =athero!J48/athero!$F48 -> 0.0028061701 | K48: =athero!K48/athero!$F48 -> 0.0027844505 | L48: =athero!L48/athero!$F48 -> 0.0027801066 | M48: =athero!M48/athero!$F48 -> 0.0014465242 | N48: =athero!N48/athero!$F48 -> 0.00023457149 | ... BC48: =athero!BC48/athero!$F48 -> 0.00023891541
A49: 1205 | B49: Replacement Aortic Valve, ERAS Coronary Artery Bypass Graft | C49: SBM1205.fcs | D49: 35601 | E49: 32502 | F49: 31893 | G49: =athero!G49/athero!$F49 -> 0.39284482 | H49: =athero!H49/athero!$F49 -> 0.0043583231 | I49: =athero!I49/athero!$F49 -> 0.0041388392 | J49: =athero!J49/athero!$F49 -> 0.003793936 | K49: =athero!K49/athero!$F49 -> 0.003793936 | L49: =athero!L49/athero!$F49 -> 0.003793936 | M49: =athero!M49/athero!$F49 -> 0.00081522591 | N49: =athero!N49/athero!$F49 -> 0.0022889035 | ... BC49: =athero!BC49/athero!$F49 -> 0.00037625811
A50: 1145 | B50: Replacement Aortic Valve, ERAS Coronary Artery Bypass Graft | C50: SBM1145.fcs | D50: 90582 | E50: 82483 | F50: 79796 | G50: =athero!G50/athero!$F50 -> 0.52393604 | H50: =athero!H50/athero!$F50 -> 0.0045115043 | I50: =athero!I50/athero!$F50 -> 0.0044613765 | J50: =athero!J50/athero!$F50 -> 0.0040979498 | K50: =athero!K50/athero!$F50 -> 0.0040728859 | L50: =athero!L50/athero!$F50 -> 0.0040603539 | M50: =athero!M50/athero!$F50 -> 0.0013158554 | N50: =athero!N50/athero!$F50 -> 0.0021053687 | ... BC50: =athero!BC50/athero!$F50 -> 0.00043861848
A51: 1226 | B51: Revision Aortic Valve Replacement Replacement Mitral Valve Coronary Artery Bypass Graft | C51: SBM1226.fcs | D51: 38823 | E51: 36155 | F51: 35289 | G51: =athero!G51/athero!$F51 -> 0.53554932 | H51: =athero!H51/athero!$F51 -> 0.0032304684 | I51: =athero!I51/athero!$F51 -> 0.0031454561 | J51: =athero!J51/athero!$F51 -> 0.0029187566 | K51: =athero!K51/athero!$F51 -> 0.0029187566 | L51: =athero!L51/athero!$F51 -> 0.0028904191 | M51: =athero!M51/athero!$F51 -> 0.00076511094 | N51: =athero!N51/athero!$F51 -> 0.0018986086 | ... BC51: =athero!BC51/athero!$F51 -> 0.00011334977
A52: 1107 | B52: REVISION CORONARY ARTERY BYPASS GRAFT WITH ALLOGRAFT SAPHENOUS VEIN x3, SAPHENOUS TO LIMA COMPOSITE GRAFT. ATTEMPTED ENDOSCOPIC HARVESTING VEIN RIGHT INTERNAL MAMMARY ARTERY TAKEDOWN | C52: SBM1107.fcs | D52: 19490 | E52: 18962 | F52: 18555 | G52: =athero!G52/athero!$F52 -> 0.58032875 | H52: =athero!H52/athero!$F52 -> 0.011479386 | I52: =athero!I52/athero!$F52 -> 0.011479386 | J52: =athero!J52/athero!$F52 -> 0.010940447 | K52: =athero!K52/athero!$F52 -> 0.010940447 | L52: =athero!L52/athero!$F52 -> 0.01083266 | M52: =athero!M52/athero!$F52 -> 0.004742657 | N52: =athero!N52/athero!$F52 -> 0.0035569927 | ... BC52: =athero!BC52/athero!$F52 -> 0.0003772568
A53: 1013 | B53: Coronary Artery Bypass Isolation pulmonary vein | C53: SBM1013.fcs | D53: 36817 | E53: 34554 | F53: 33806 | G53: =athero!G53/athero!$F53 -> 0.31455955 | H53: =athero!H53/athero!$F53 -> 0.0063598178 | I53: =athero!I53/athero!$F53 -> 0.0063598178 | J53: =athero!J53/athero!$F53 -> 0.0060048512 | K53: =athero!K53/athero!$F53 -> 0.0060048512 | L53: =athero!L53/athero!$F53 -> 0.0060048512 | M53: =athero!M53/athero!$F53 -> 0.0035200852 | N53: =athero!N53/athero!$F53 -> 0.0017748329 | ... BC53: =athero!BC53/athero!$F53 -> 8.8741643e-05
... A77: 1118 | B77: OFF PUMP CABG x 1, LIMA-LAD | C77: SBM1118.fcs | D77: 122549 | E77: 120601 | F77: 112566 | G77: =athero!G77/athero!$F77 -> 0.73427145 | H77: =athero!H77/athero!$F77 -> 0.0029937992 | I77: =athero!I77/athero!$F77 -> 0.0029849155 | J77: =athero!J77/athero!$F77 -> 0.0027805909 | K77: =athero!K77/athero!$F77 -> 0.0027539399 | L77: =athero!L77/athero!$F77 -> 0.0027539399 | M77: =athero!M77/athero!$F77 -> 0.0008172983 | N77: =athero!N77/athero!$F77 -> 0.0012970169 | ... BC77: =athero!BC77/athero!$F77 -> 0.0003109287
A78: ttest | D78: =TTEST(D2:D40,D42:D77,2,2) -> 0.093447571 | E78: =TTEST(E2:E40,E42:E77,2,2) -> 0.083935972 | F78: =TTEST(F2:F40,F42:F77,2,2) -> 0.090269048 | G78: =TTEST(G2:G40,G42:G77,2,2) -> 0.19338123 | H78: =TTEST(H2:H40,H42:H77,2,2) -> 0.037476987 | I78: =TTEST(I2:I40,I42:I77,2,2) -> 0.035270749 | J78: =TTEST(J2:J40,J42:J77,2,2) -> 0.034812539 | K78: =TTEST(K2:K40,K42:K77,2,2) -> 0.034195893 | ... BC78: =TTEST(BC2:BC40,BC42:BC77,2,2) -> 0.27144221

Sheet Sex
A1: Record ID | B1: Sex assigned at birth | C1: file | D1: FlowCut-passed/Cells|count | E1: FlowCut-passed/Cells/Single Cells|count | F1: FlowCut-passed/Cells/Single Cells/Live Cells|count | G1: FlowCut-passed/Cells/Single Cells/Live Cells/CD45+|count | H1: FlowCut-passed/Cells/Single Cells/Live Cells/CD45+/CD3-/CD34+|count | I1: FlowCut-passed/Cells/Single Cells/Live Cells/CD45+/CD3-/CD34+/CD4-CD56-|count | J1: FlowCut-passed/Cells/Single Cells/Live Cells/CD45+/CD3-/CD34+/CD4-CD56-/CD20-CD123-|count | K1: FlowCut-passed/Cells/Single Cells/Live Cells/CD45+/CD3-/CD34+/CD4-CD56-/CD20-CD123-/CD14-CD16-|count | L1: FlowCut-passed/Cells/Single Cells/Live Cells/CD45+/CD3-/CD34+/CD4-CD56-/CD20-CD123-/CD14-CD16-/CD11b-CD11c-|count | M1: FlowCut-passed/Cells/Single Cells/Live Cells/CD45+/CD3-/CD34+/CD4-CD56-/CD20-CD123-/CD14-CD16-/CD11b-CD11c-/CD34+CD38-|count | N1: FlowCut-passed/Cells/Single Cells/Live Cells/CD45+/CD3-/CD34+/CD4-CD56-/CD20-CD123-/CD14-CD16-/CD11b-CD11c-/CD34+CD38+|count | O1: FlowCut-passed/Cells/Single Cells/Live Cells/CD45+/CD3-/CD34+/CD4-CD56-/CD20-CD123-/CD14-CD16-/CD11b-CD11c-/CD34+CD38+/Pro-B|count | P1: FlowCut-passed/Cells/Single Cells/Live Cells/CD45+/CD3-/CD34+/CD4-CD56-/CD20-CD123-/CD14-CD16-/CD11b-CD11c-/CD34+CD38+/Pre-pro-B|count | Q1: FlowCut-passed/Cells/Single Cells/Live Cells/CD45+/CD3-/CD34-|count | R1: FlowCut-passed/Cells/Single Cells/Live Cells/CD45+/CD3-/CD34-/B Cells|count | S1: FlowCut-passed/Cells/Single Cells/Live Cells/CD45+/CD3-/CD34-/CD19-/CD20-|count | T1: FlowCut-passed/Cells/Single Cells/Live Cells/CD45+/CD3-/CD34-/CD19-/CD20-/Early NK|count | U1: FlowCut-passed/Cells/Single Cells/Live Cells/CD45+/CD3-/CD34-/CD19-/CD20-/Mature NK|count | V1: FlowCut-passed/Cells/Single Cells/Live Cells/CD45+/CD3-/CD34-/CD19-/CD20-/Non-Classical Monocyte|count | W1: FlowCut-passed/Cells/Single Cells/Live Cells/CD45+/CD3-/CD34-/CD19-/CD20-/Classical Monocyte|count | X1: FlowCut-passed/Cells/Single Cells/Live Cells/CD45+/CD3-/CD34-/CD19-/CD20-/CD14+/HLA-DR-|count | Y1: FlowCut-passed/Cells/Single Cells/Live Cells/CD45+/CD3-/CD34-/CD19-/CD20-/CD14+/HLA-DR-/MDSC-like|count | Z1: FlowCut-passed/Cells/Single Cells/Live Cells/CD45+/CD3-/CD34-/CD19-/CD20-/Dendritic Cells|count | AA1: FlowCut-passed/Cells/Single Cells/Live Cells/CD45+/CD3-/CD34-/CD19-/CD20-/Dendritic Cells/pDC|count | AB1: FlowCut-passed/Cells/Single Cells/Live Cells/CD45+/CD3-/CD34-/CD19-/CD20-/Dendritic Cells/cDC|count | AC1: FlowCut-passed/Cells/Single Cells/Live Cells/CD45+/CD3-/CD34-/CD19-/CD20-/Dendritic Cells/cDC/CD16+ cDC|count | AD1: FlowCut-passed/Cells/Single Cells/Live Cells/CD45+/CD3-/CD34-/CD19-/CD20-/Dendritic Cells/cDC/CD16- cDC|count | AE1: FlowCut-passed/Cells/Single Cells/Live Cells/CD45+/CD3-/CD34-/CD19-/CD20-/CD14-/HLA-DR-|count | AF1: FlowCut-passed/Cells/Single Cells/Live Cells/CD45+/CD3-/CD34-/CD19-/CD20-/CD14-/HLA-DR-/ILC|count | AG1: FlowCut-passed/Cells/Single Cells/Live Cells/CD45+/CD3+/CD34-|count | AH1: FlowCut-passed/Cells/Single Cells/Live Cells/CD45+/CD3+/CD34-/TCRab+|count | AI1: FlowCut-passed/Cells/Single Cells/Live Cells/CD45+/CD3+/CD34-/TCRab+/NKT CD8-|count | AJ1: FlowCut-passed/Cells/Single Cells/Live Cells/CD45+/CD3+/CD34-/TCRab+/NKT CD8+|count | AK1: FlowCut-passed/Cells/Single Cells/Live Cells/CD45+/CD3+/CD34-/TCRab+/T Cell|count | AL1: FlowCut-passed/Cells/Single Cells/Live Cells/CD45+/CD3+/CD34-/TCRab+/T Cell/CD4+ T cell|count | AM1: FlowCut-passed/Cells/Single Cells/Live Cells/CD45+/CD3+/CD34-/TCRab+/T Cell/CD4+ T cell/Tregs|count | AN1: FlowCut-passed/Cells/Single Cells/Live Cells/CD45+/CD3+/CD34-/TCRab+/T Cell/CD4+ T cell/CD4+/CD197+|count | AO1: FlowCut-passed/Cells/Single Cells/Live Cells/CD45+/CD3+/CD34-/TCRab+/T Cell/CD4+ T cell/CD4+/CD197+/Naive CD4+ T Cell|count | AP1: FlowCut-passed/Cells/Single Cells/Live Cells/CD45+/CD3+/CD34-/TCRab+/T Cell/CD4+ T cell/CD4+/CD197+/Central Memory CD4+ T Cell|count | AQ1: FlowCut-passed/Cells/Single Cells/Live Cells/CD45+/CD3+/CD34-/TCRab+/T Cell/CD4+ T cell/CD4+/CD197-|count | AR1: FlowCut-passed/Cells/Single Cells/Live Cells/CD45+/CD3+/CD34-/TCRab+/T Cell/CD4+ T cell/CD4+/CD197-/Effector CD4+ T Cell|count | AS1: FlowCut-passed/Cells/Single Cells/Live Cells/CD45+/CD3+/CD34-/TCRab+/T Cell/CD4+ T cell/CD279+/CD4+ T Cell|count | AT1: FlowCut-passed/Cells/Single Cells/Live Cells/CD45+/CD3+/CD34-/TCRab+/T Cell/CD4+ T cell/CD279+/CD4+ T Cell/CD4+ TPex|count | AU1: FlowCut-passed/Cells/Single Cells/Live Cells/CD45+/CD3+/CD34-/TCRab+/T Cell/CD8+ T Cell|count | AV1: FlowCut-passed/Cells/Single Cells/Live Cells/CD45+/CD3+/CD34-/TCRab+/T Cell/CD8+ T Cell/CD279+/CD8+ T Cell|count | AW1: FlowCut-passed/Cells/Single Cells/Live Cells/CD45+/CD3+/CD34-/TCRab+/T Cell/CD8+ T Cell/CD279+/CD8+ T Cell/CD8+ TPex|count | AX1: FlowCut-passed/Cells/Single Cells/Live Cells/CD45+/CD3+/CD34-/TCRab+/T Cell/CD8+ T Cell/CD197+/CD8+ T Cell|count | AY1: FlowCut-passed/Cells/Single Cells/Live Cells/CD45+/CD3+/CD34-/TCRab+/T Cell/CD8+ T Cell/CD197+/CD8+ T Cell/Central Memory CD8+ T Cell|count | AZ1: FlowCut-passed/Cells/Single Cells/Live Cells/CD45+/CD3+/CD34-/TCRab+/T Cell/CD8+ T Cell/CD197+/CD8+ T Cell/Naive CD8+ T Cell|count | BA1: FlowCut-passed/Cells/Single Cells/Live Cells/CD45+/CD3+/CD34-/TCRab+/T Cell/CD8+ T Cell/CD197-/CD8+ T Cell|count | BB1: FlowCut-passed/Cells/Single Cells/Live Cells/CD45+/CD3+/CD34-/TCRab+/T Cell/CD8+ T Cell/CD197-/CD8+ T Cell/Effector CD8+ T Cell|count | BC1: FlowCut-passed/Cells/Single Cells/Live Cells/CD45+/CD3+/CD34-/gd T cell|count
A2: 1001 | B2: Female | C2: SBM1001.fcs | D2: 277764 | E2: 265500 | F2: 262632 | G2: 102216 | H2: 2698 | I2: 2649 | J2: 2482 | K2: 2472 | L2: 2463 | M2: 547 | N2: 1517 | O2: 53 | P2: 86 | Q2: 38541 | R2: 7265 | S2: 29957 | T2: 1300 | U2: 889 | V2: 1026 | W2: 13380 | X2: 5675 | Y2: 5624 | Z2: 8258 | AA2: 2276 | AB2: 5095 | AC2: 42 | AD2: 4884 | AE2: 5749 | AF2: 106 | AG2: 58069 | AH2: 55511 | AI2: 301 | AJ2: 176 | AK2: 53861 | AL2: 32786 | AM2: 130 | AN2: 19853 | AO2: 15656 | AP2: 3132 | AQ2: 7645 | AR2: 6090 | AS2: 1144 | AT2: 201 | AU2: 19694 | AV2: 1655 | AW2: 130 | AX2: 7234 | AY2: 298 | AZ2: 6835 | BA2: 11340 | BB2: 5716 | BC2: 154
A3: 1003 | B3: Female | C3: SBM1003.fcs | D3: 321845 | E3: 314310 | F3: 309191 | G3: 181785 | H3: 3329 | I3: 3197 | J3: 2976 | K3: 2935 | L3: 2904 | M3: 1162 | N3: 407 | O3: 9 | P3: 20 | Q3: 90578 | R3: 35124 | S3: 51872 | T3: 1659 | U3: 927 | V3: 2509 | W3: 21579 | X3: 11303 | Y3: 10861 | Z3: 13356 | AA3: 2863 | AB3: 8637 | AC3: 317 | AD3: 6310 | AE3: 9556 | AF3: 122 | AG3: 82123 | AH3: 75753 | AI3: 618 | AJ3: 651 | AK3: 72429 | AL3: 46060 | AM3: 125 | AN3: 38228 | AO3: 36081 | AP3: 1486 | AQ3: 5701 | AR3: 2403 | AS3: 5549 | AT3: 3054 | AU3: 24060 | AV3: 3824 | AW3: 736 | AX3: 8187 | AY3: 89 | AZ3: 7976 | BA3: 15216 | BB3: 788 | BC3: 165
A4: 1010 | B4: Female | C4: SBM1010.fcs | D4: 284997 | E4: 278506 | F4: 276399 | G4: 216305 | H4: 548 | I4: 536 | J4: 501 | K4: 496 | L4: 491 | M4: 114 | N4: 272 | O4: 3 | P4: 0 | Q4: 124747 | R4: 20381 | S4: 102697 | T4: 3254 | U4: 8529 | V4: 16692 | W4: 57126 | X4: 23217 | Y4: 23059 | Z4: 10814 | AA4: 1135 | AB4: 8786 | AC4: 3198 | AD4: 4026 | AE4: 28333 | AF4: 165 | AG4: 88203 | AH4: 84921 | AI4: 1050 | AJ4: 568 | AK4: 79921 | AL4: 35897 | AM4: 330 | AN4: 18789 | AO4: 6577 | AP4: 10997 | AQ4: 15251 | AR4: 14633 | AS4: 5380 | AT4: 1510 | AU4: 40007 | AV4: 7521 | AW4: 1434 | AX4: 7200 | AY4: 1680 | AZ4: 5258 | BA4: 31488 | BB4: 14743 | BC4: 49
A5: 1012 | B5: Female | C5: SBM1012.fcs | D5: 270926 | E5: 265202 | F5: 261135 | G5: 167832 | H5: 1547 | I5: 1516 | J5: 1454 | K5: 1439 | L5: 1432 | M5: 639 | N5: 612 | O5: 16 | P5: 20 | Q5: 100530 | R5: 24253 | S5: 71034 | T5: 2153 | U5: 2647 | V5: 4370 | W5: 27309 | X5: 9535 | Y5: 9282 | Z5: 21634 | AA5: 4506 | AB5: 13647 | AC5: 155 | AD5: 12386 | AE5: 15506 | AF5: 214 | AG5: 63098 | AH5: 60720 | AI5: 522 | AJ5: 519 | AK5: 57375 | AL5: 25309 | AM5: 208 | AN5: 12451 | AO5: 7555 | AP5: 3972 | AQ5: 10943 | AR5: 10584 | AS5: 2019 | AT5: 434 | AU5: 29360 | AV5: 5302 | AW5: 760 | AX5: 12353 | AY5: 888 | AZ5: 11077 | BA5: 15587 | BB5: 10183 | BC5: 21
A6: 1015 | B6: Female | C6: SBM1015.fcs | D6: 34385 | E6: 33666 | F6: 33296 | G6: 27707 | H6: 21 | I6: 21 | J6: 18 | K6: 18 | L6: 17 | M6: 7 | N6: 9 | O6: 0 | P6: 0 | Q6: 9378 | R6: 650 | S6: 8646 | T6: 486 | U6: 957 | V6: 1716 | W6: 4430 | X6: 2388 | Y6: 2368 | Z6: 585 | AA6: 193 | AB6: 357 | AC6: 160 | AD6: 166 | AE6: 3158 | AF6: 14 | AG6: 18081 | AH6: 17641 | AI6: 104 | AJ6: 15 | AK6: 17232 | AL6: 12711 | AM6: 47 | AN6: 8536 | AO6: 4280 | AP6: 3552 | AQ6: 3064 | AR6: 2988 | AS6: 669 | AT6: 502 | AU6: 4126 | AV6: 165 | AW6: 136 | AX6: 3792 | AY6: 67 | AZ6: 3653 | BA6: 200 | BB6: 146 | BC6: 2
A7: 1020 | B7: Female | C7: SBM1020.fcs | D7: 120938 | E7: 118043 | F7: 117453 | G7: 95879 | H7: 1432 | I7: 1414 | J7: 1371 | K7: 1362 | L7: 1361 | M7: 806 | N7: 380 | O7: 26 | P7: 6 | Q7: 40720 | R7: 4743 | S7: 34778 | T7: 1331 | U7: 1857 | V7: 4280 | W7: 16106 | X7: 7580 | Y7: 7465 | Z7: 3794 | AA7: 601 | AB7: 2570 | AC7: 476 | AD7: 1879 | AE7: 12354 | AF7: 58 | AG7: 52416 | AH7: 50097 | AI7: 724 | AJ7: 513 | AK7: 46234 | AL7: 25558 | AM7: 655 | AN7: 14495 | AO7: 3917 | AP7: 9535 | AQ7: 9685 | AR7: 9643 | AS7: 2797 | AT7: 720 | AU7: 18289 | AV7: 4047 | AW7: 967 | AX7: 4293 | AY7: 1267 | AZ7: 2868 | BA7: 12911 | BB7: 8578 | BC7: 73
A8: 1021 | B8: Female | C8: SBM1021.fcs | D8: 36221 | E8: 34723 | F8: 34052 | G8: 25348 | H8: 1 | I8: 1 | J8: 0 | K8: 0 | L8: 0 | M8: 0 | N8: 0 | O8: 0 | P8: 0 | Q8: 8936 | R8: 2132 | S8: 6627 | T8: 753 | U8: 2379 | V8: 3468 | W8: 552 | X8: 116 | Y8: 85 | Z8: 1790 | AA8: 25 | AB8: 263 | AC8: 83 | AD8: 154 | AE8: 3893 | AF8: 49 | AG8: 16346 | AH8: 14272 | AI8: 499 | AJ8: 99 | AK8: 12810 | AL8: 10079 | AM8: 45 | AN8: 4337 | AO8: 1711 | AP8: 2272 | AQ8: 4664 | AR8: 4636 | AS8: 835 | AT8: 582 | AU8: 2184 | AV8: 136 | AW8: 122 | AX8: 605 | AY8: 217 | AZ8: 365 | BA8: 1283 | BB8: 1030 | BC8: 15
A9: 1022 | B9: Female | C9: SBM1022.fcs | D9: 214901 | E9: 208043 | F9: 204524 | G9: 115766 | H9: 1203 | I9: 1147 | J9: 1114 | K9: 1106 | L9: 1103 | M9: 231 | N9: 777 | O9: 25 | P9: 12 | Q9: 69363 | R9: 26951 | S9: 35074 | T9: 2522 | U9: 2953 | V9: 3384 | W9: 13383 | X9: 3161 | Y9: 2853 | Z9: 8709 | AA9: 1677 | AB9: 5405 | AC9: 172 | AD9: 5126 | AE9: 10282 | AF9: 172 | AG9: 42430 | AH9: 40972 | AI9: 162 | AJ9: 339 | AK9: 39428 | AL9: 23898 | AM9: 55 | AN9: 17942 | AO9: 13786 | AP9: 3233 | AQ9: 4811 | AR9: 4592 | AS9: 1748 | AT9: 404 | AU9: 13083 | AV9: 3842 | AW9: 335 | AX9: 1852 | AY9: 421 | AZ9: 1377 | BA9: 10786 | BB9: 6785 | BC9: 26
A10: 1026 | B10: Female | C10: SBM1026.fcs | D10: 259455 | E10: 252631 | F10: 242041 | G10: 173053 | H10: 348 | I10: 337 | J10: 316 | K10: 313 | L10: 311 | M10: 145 | N10: 142 | O10: 16 | P10: 1 | Q10: 91092 | R10: 35108 | S10: 53897 | T10: 4116 | U10: 2535 | V10: 3082 | W10: 18819 | X10: 2263 | Y10: 2165 | Z10: 14814 | AA10: 2109 | AB10: 11865 | AC10: 800 | AD10: 10253 | AE10: 16059 | AF10: 180 | AG10: 80290 | AH10: 72422 | AI10: 658 | AJ10: 475 | AK10: 69674 | AL10: 47233 | AM10: 60 | AN10: 12537 | AO10: 1468 | AP10: 10548 | AQ10: 29598 | AR10: 29371 | AS10: 4043 | AT10: 788 | AU10: 19847 | AV10: 3939 | AW10: 434 | AX10: 2247 | AY10: 1386 | AZ10: 708 | BA10: 16317 | BB10: 12098 | BC10: 257
A11: 1039 | B11: Female | C11: SBM1039.fcs | D11: 135493 | E11: 133046 | F11: 127178 | G11: 72801 | H11: 614 | I11: 608 | J11: 549 | K11: 548 | L11: 548 | M11: 141 | N11: 335 | O11: 7 | P11: 22 | Q11: 29246 | R11: 11935 | S11: 16230 | T11: 1327 | U11: 249 | V11: 650 | W11: 4820 | X11: 683 | Y11: 641 | Z11: 5380 | AA11: 710 | AB11: 4089 | AC11: 142 | AD11: 3736 | AE11: 4702 | AF11: 141 | AG11: 42314 | AH11: 40762 | AI11: 185 | AJ11: 75 | AK11: 39969 | AL11: 21686 | AM11: 60 | AN11: 11094 | AO11: 2039 | AP11: 8470 | AQ11: 8422 | AR11: 8345 | AS11: 3409 | AT11: 1251 | AU11: 16986 | AV11: 6980 | AW11: 883 | AX11: 4502 | AY11: 2061 | AZ11: 2107 | BA11: 11421 | BB11: 9040 | BC11: 32
A12: 1040 | B12: Female | C12: SBM1040.fcs | D12: 69173 | E12: 66483 | F12: 62058 | G12: 39796 | H12: 913 | I12: 890 | J12: 792 | K12: 791 | L12: 788 | M12: 157 | N12: 534 | O12: 53 | P12: 13 | Q12: 22630 | R12: 2121 | S12: 20291 | T12: 984 | U12: 1013 | V12: 999 | W12: 12056 | X12: 3069 | Y12: 3013 | Z12: 3179 | AA12: 436 | AB12: 2357 | AC12: 75 | AD12: 1955 | AE12: 3783 | AF12: 48 | AG12: 15299 | AH12: 14780 | AI12: 191 | AJ12: 288 | AK12: 13461 | AL12: 7442 | AM12: 36 | AN12: 4594 | AO12: 1297 | AP12: 2954 | AQ12: 2204 | AR12: 2186 | AS12: 664 | AT12: 205 | AU12: 5013 | AV12: 1756 | AW12: 119 | AX12: 1009 | AY12: 587 | AZ12: 351 | BA12: 3640 | BB12: 2576 | BC12: 7
A13: 1048 | B13: Female | C13: SBM1048.fcs | D13: 148761 | E13: 144702 | F13: 136700 | G13: 94801 | H13: 74 | I13: 67 | J13: 59 | K13: 59 | L13: 59 | M13: 12 | N13: 40 | O13: 0 | P13: 0 | Q13: 32910 | R13: 7765 | S13: 24615 | T13: 1384 | U13: 2647 | V13: 4320 | W13: 9659 | X13: 4074 | Y13: 3993 | Z13: 1735 | AA13: 365 | AB13: 1149 | AC13: 95 | AD13: 1023 | AE13: 12211 | AF13: 176 | AG13: 61337 | AH13: 55718 | AI13: 535 | AJ13: 373 | AK13: 53500 | AL13: 30299 | AM13: 64 | AN13: 19538 | AO13: 7660 | AP13: 10219 | AQ13: 8767 | AR13: 8712 | AS13: 2332 | AT13: 695 | AU13: 20453 | AV13: 3134 | AW13: 466 | AX13: 11251 | AY13: 1902 | AZ13: 8800 | BA13: 8324 | BB13: 6821 | BC13: 163
... A77: 1321 | B77: Male | C77: SBM1321.fcs | D77: 202436 | E77: 196874 | F77: 194481 | G77: 175913 | H77: 145 | I77: 143 | J77: 134 | K77: 133 | L77: 133 | M77: 33 | N77: 69 | O77: 0 | P77: 3 | Q77: 82442 | R77: 17909 | S77: 62222 | T77: 5796 | U77: 1624 | V77: 2526 | W77: 27295 | X77: 6838 | Y77: 3 | Z77: 5248 | AA77: 945 | AB77: 4004 | AC77: 470 | AD77: 3320 | AE77: 27206 | AF77: 296 | AG77: 92854 | AH77: 85912 | AI77: 493 | AJ77: 208 | AK77: 83556 | AL77: 61612 | AM77: 151 | AN77: 42521 | AO77: 16184 | AP77: 21923 | AQ77: 14650 | AR77: 14519 | AS77: 3570 | AT77: 1428 | AU77: 19343 | AV77: 1382 | AW77: 542 | AX77: 9358 | AY77: 1720 | AZ77: 6892 | BA77: 8790 | BB77: 6449 | BC77: 101

Sheet Sex_norm_live Cell
A1: Record ID | B1: Sex assigned at birth | C1: file | D1: FlowCut-passed/Cells|count | E1: FlowCut-passed/Cells/Single Cells|count | F1: FlowCut-passed/Cells/Single Cells/Live Cells|count | G1: FlowCut-passed/Cells/Single Cells/Live Cells/CD45+|count | H1: FlowCut-passed/Cells/Single Cells/Live Cells/CD45+/CD3-/CD34+|count | I1: FlowCut-passed/Cells/Single Cells/Live Cells/CD45+/CD3-/CD34+/CD4-CD56-|count | J1: FlowCut-passed/Cells/Single Cells/Live Cells/CD45+/CD3-/CD34+/CD4-CD56-/CD20-CD123-|count | K1: FlowCut-passed/Cells/Single Cells/Live Cells/CD45+/CD3-/CD34+/CD4-CD56-/CD20-CD123-/CD14-CD16-|count | L1: FlowCut-passed/Cells/Single Cells/Live Cells/CD45+/CD3-/CD34+/CD4-CD56-/CD20-CD123-/CD14-CD16-/CD11b-CD11c-|count | M1: FlowCut-passed/Cells/Single Cells/Live Cells/CD45+/CD3-/CD34+/CD4-CD56-/CD20-CD123-/CD14-CD16-/CD11b-CD11c-/CD34+CD38-|count | N1: FlowCut-passed/Cells/Single Cells/Live Cells/CD45+/CD3-/CD34+/CD4-CD56-/CD20-CD123-/CD14-CD16-/CD11b-CD11c-/CD34+CD38+|count | O1: FlowCut-passed/Cells/Single Cells/Live Cells/CD45+/CD3-/CD34+/CD4-CD56-/CD20-CD123-/CD14-CD16-/CD11b-CD11c-/CD34+CD38+/Pro-B|count | P1: FlowCut-passed/Cells/Single Cells/Live Cells/CD45+/CD3-/CD34+/CD4-CD56-/CD20-CD123-/CD14-CD16-/CD11b-CD11c-/CD34+CD38+/Pre-pro-B|count | Q1: FlowCut-passed/Cells/Single Cells/Live Cells/CD45+/CD3-/CD34-|count | R1: FlowCut-passed/Cells/Single Cells/Live Cells/CD45+/CD3-/CD34-/B Cells|count | S1: FlowCut-passed/Cells/Single Cells/Live Cells/CD45+/CD3-/CD34-/CD19-/CD20-|count | T1: FlowCut-passed/Cells/Single Cells/Live Cells/CD45+/CD3-/CD34-/CD19-/CD20-/Early NK|count | U1: FlowCut-passed/Cells/Single Cells/Live Cells/CD45+/CD3-/CD34-/CD19-/CD20-/Mature NK|count | V1: FlowCut-passed/Cells/Single Cells/Live Cells/CD45+/CD3-/CD34-/CD19-/CD20-/Non-Classical Monocyte|count | W1: FlowCut-passed/Cells/Single Cells/Live Cells/CD45+/CD3-/CD34-/CD19-/CD20-/Classical Monocyte|count | X1: FlowCut-passed/Cells/Single Cells/Live Cells/CD45+/CD3-/CD34-/CD19-/CD20-/CD14+/HLA-DR-|count | Y1: FlowCut-passed/Cells/Single Cells/Live Cells/CD45+/CD3-/CD34-/CD19-/CD20-/CD14+/HLA-DR-/MDSC-like|count | Z1: FlowCut-passed/Cells/Single Cells/Live Cells/CD45+/CD3-/CD34-/CD19-/CD20-/Dendritic Cells|count | AA1: FlowCut-passed/Cells/Single Cells/Live Cells/CD45+/CD3-/CD34-/CD19-/CD20-/Dendritic Cells/pDC|count | AB1: FlowCut-passed/Cells/Single Cells/Live Cells/CD45+/CD3-/CD34-/CD19-/CD20-/Dendritic Cells/cDC|count | AC1: FlowCut-passed/Cells/Single Cells/Live Cells/CD45+/CD3-/CD34-/CD19-/CD20-/Dendritic Cells/cDC/CD16+ cDC|count | AD1: FlowCut-passed/Cells/Single Cells/Live Cells/CD45+/CD3-/CD34-/CD19-/CD20-/Dendritic Cells/cDC/CD16- cDC|count | AE1: FlowCut-passed/Cells/Single Cells/Live Cells/CD45+/CD3-/CD34-/CD19-/CD20-/CD14-/HLA-DR-|count | AF1: FlowCut-passed/Cells/Single Cells/Live Cells/CD45+/CD3-/CD34-/CD19-/CD20-/CD14-/HLA-DR-/ILC|count | AG1: FlowCut-passed/Cells/Single Cells/Live Cells/CD45+/CD3+/CD34-|count | AH1: FlowCut-passed/Cells/Single Cells/Live Cells/CD45+/CD3+/CD34-/TCRab+|count | AI1: FlowCut-passed/Cells/Single Cells/Live Cells/CD45+/CD3+/CD34-/TCRab+/NKT CD8-|count | AJ1: FlowCut-passed/Cells/Single Cells/Live Cells/CD45+/CD3+/CD34-/TCRab+/NKT CD8+|count | AK1: FlowCut-passed/Cells/Single Cells/Live Cells/CD45+/CD3+/CD34-/TCRab+/T Cell|count | AL1: FlowCut-passed/Cells/Single Cells/Live Cells/CD45+/CD3+/CD34-/TCRab+/T Cell/CD4+ T cell|count | AM1: FlowCut-passed/Cells/Single Cells/Live Cells/CD45+/CD3+/CD34-/TCRab+/T Cell/CD4+ T cell/Tregs|count | AN1: FlowCut-passed/Cells/Single Cells/Live Cells/CD45+/CD3+/CD34-/TCRab+/T Cell/CD4+ T cell/CD4+/CD197+|count | AO1: FlowCut-passed/Cells/Single Cells/Live Cells/CD45+/CD3+/CD34-/TCRab+/T Cell/CD4+ T cell/CD4+/CD197+/Naive CD4+ T Cell|count | AP1: FlowCut-passed/Cells/Single Cells/Live Cells/CD45+/CD3+/CD34-/TCRab+/T Cell/CD4+ T cell/CD4+/CD197+/Central Memory CD4+ T Cell|count | AQ1: FlowCut-passed/Cells/Single Cells/Live Cells/CD45+/CD3+/CD34-/TCRab+/T Cell/CD4+ T cell/CD4+/CD197-|count | AR1: FlowCut-passed/Cells/Single Cells/Live Cells/CD45+/CD3+/CD34-/TCRab+/T Cell/CD4+ T cell/CD4+/CD197-/Effector CD4+ T Cell|count | AS1: FlowCut-passed/Cells/Single Cells/Live Cells/CD45+/CD3+/CD34-/TCRab+/T Cell/CD4+ T cell/CD279+/CD4+ T Cell|count | AT1: FlowCut-passed/Cells/Single Cells/Live Cells/CD45+/CD3+/CD34-/TCRab+/T Cell/CD4+ T cell/CD279+/CD4+ T Cell/CD4+ TPex|count | AU1: FlowCut-passed/Cells/Single Cells/Live Cells/CD45+/CD3+/CD34-/TCRab+/T Cell/CD8+ T Cell|count | AV1: FlowCut-passed/Cells/Single Cells/Live Cells/CD45+/CD3+/CD34-/TCRab+/T Cell/CD8+ T Cell/CD279+/CD8+ T Cell|count | AW1: FlowCut-passed/Cells/Single Cells/Live Cells/CD45+/CD3+/CD34-/TCRab+/T Cell/CD8+ T Cell/CD279+/CD8+ T Cell/CD8+ TPex|count | AX1: FlowCut-passed/Cells/Single Cells/Live Cells/CD45+/CD3+/CD34-/TCRab+/T Cell/CD8+ T Cell/CD197+/CD8+ T Cell|count | AY1: FlowCut-passed/Cells/Single Cells/Live Cells/CD45+/CD3+/CD34-/TCRab+/T Cell/CD8+ T Cell/CD197+/CD8+ T Cell/Central Memory CD8+ T Cell|count | AZ1: FlowCut-passed/Cells/Single Cells/Live Cells/CD45+/CD3+/CD34-/TCRab+/T Cell/CD8+ T Cell/CD197+/CD8+ T Cell/Naive CD8+ T Cell|count | BA1: FlowCut-passed/Cells/Single Cells/Live Cells/CD45+/CD3+/CD34-/TCRab+/T Cell/CD8+ T Cell/CD197-/CD8+ T Cell|count | BB1: FlowCut-passed/Cells/Single Cells/Live Cells/CD45+/CD3+/CD34-/TCRab+/T Cell/CD8+ T Cell/CD197-/CD8+ T Cell/Effector CD8+ T Cell|count | BC1: FlowCut-passed/Cells/Single Cells/Live Cells/CD45+/CD3+/CD34-/gd T cell|count
A2: 1001 | B2: Female | C2: SBM1001.fcs | D2: 277764 | E2: 265500 | F2: 262632 | G2: =Sex!G2/Sex!$F2 -> 0.38919857 | H2: =Sex!H2/Sex!$F2 -> 0.010272929 | I2: =Sex!I2/Sex!$F2 -> 0.010086357 | J2: =Sex!J2/Sex!$F2 -> 0.0094504859 | K2: =Sex!K2/Sex!$F2 -> 0.0094124098 | L2: =Sex!L2/Sex!$F2 -> 0.0093781413 | M2: =Sex!M2/Sex!$F2 -> 0.0020827622 | N2: =Sex!N2/Sex!$F2 -> 0.005776143 | ... BC2: =Sex!BC2/Sex!$F2 -> 0.00058637181
A3: 1003 | B3: Female | C3: SBM1003.fcs | D3: 321845 | E3: 314310 | F3: 309191 | G3: =Sex!G3/Sex!$F3 -> 0.58793755 | H3: =Sex!H3/Sex!$F3 -> 0.010766808 | I3: =Sex!I3/Sex!$F3 -> 0.010339887 | J3: =Sex!J3/Sex!$F3 -> 0.0096251185 | K3: =Sex!K3/Sex!$F3 -> 0.0094925143 | L3: =Sex!L3/Sex!$F3 -> 0.0093922527 | M3: =Sex!M3/Sex!$F3 -> 0.0037581948 | N3: =Sex!N3/Sex!$F3 -> 0.0013163384 | ... BC3: =Sex!BC3/Sex!$F3 -> 0.00053365072
A4: 1010 | B4: Female | C4: SBM1010.fcs | D4: 284997 | E4: 278506 | F4: 276399 | G4: =Sex!G4/Sex!$F4 -> 0.78258243 | H4: =Sex!H4/Sex!$F4 -> 0.001982641 | I4: =Sex!I4/Sex!$F4 -> 0.0019392255 | J4: =Sex!J4/Sex!$F4 -> 0.001812597 | K4: =Sex!K4/Sex!$F4 -> 0.0017945072 | L4: =Sex!L4/Sex!$F4 -> 0.0017764174 | M4: =Sex!M4/Sex!$F4 -> 0.00041244722 | N4: =Sex!N4/Sex!$F4 -> 0.0009840846 | ... BC4: =Sex!BC4/Sex!$F4 -> 0.00017727995
A5: 1012 | B5: Female | C5: SBM1012.fcs | D5: 270926 | E5: 265202 | F5: 261135 | G5: =Sex!G5/Sex!$F5 -> 0.64270205 | H5: =Sex!H5/Sex!$F5 -> 0.0059241389 | I5: =Sex!I5/Sex!$F5 -> 0.0058054263 | J5: =Sex!J5/Sex!$F5 -> 0.0055680012 | K5: =Sex!K5/Sex!$F5 -> 0.0055105597 | L5: =Sex!L5/Sex!$F5 -> 0.0054837536 | M5: =Sex!M5/Sex!$F5 -> 0.0024470102 | N5: =Sex!N5/Sex!$F5 -> 0.0023436154 | ... BC5: =Sex!BC5/Sex!$F5 -> 8.0418175e-05
A6: 1015 | B6: Female | C6: SBM1015.fcs | D6: 34385 | E6: 33666 | F6: 33296 | G6: =Sex!G6/Sex!$F6 -> 0.832142 | H6: =Sex!H6/Sex!$F6 -> 0.00063070639 | I6: =Sex!I6/Sex!$F6 -> 0.00063070639 | J6: =Sex!J6/Sex!$F6 -> 0.00054060548 | K6: =Sex!K6/Sex!$F6 -> 0.00054060548 | L6: =Sex!L6/Sex!$F6 -> 0.00051057184 | M6: =Sex!M6/Sex!$F6 -> 0.00021023546 | N6: =Sex!N6/Sex!$F6 -> 0.00027030274 | ... BC6: =Sex!BC6/Sex!$F6 -> 6.0067275e-05
A7: 1020 | B7: Female | C7: SBM1020.fcs | D7: 120938 | E7: 118043 | F7: 117453 | G7: =Sex!G7/Sex!$F7 -> 0.81631802 | H7: =Sex!H7/Sex!$F7 -> 0.012192111 | I7: =Sex!I7/Sex!$F7 -> 0.012038858 | J7: =Sex!J7/Sex!$F7 -> 0.011672754 | K7: =Sex!K7/Sex!$F7 -> 0.011596128 | L7: =Sex!L7/Sex!$F7 -> 0.011587614 | M7: =Sex!M7/Sex!$F7 -> 0.0068623194 | N7: =Sex!N7/Sex!$F7 -> 0.0032353367 | ... BC7: =Sex!BC7/Sex!$F7 -> 0.00062152521
A8: 1021 | B8: Female | C8: SBM1021.fcs | D8: 36221 | E8: 34723 | F8: 34052 | G8: =Sex!G8/Sex!$F8 -> 0.74439093 | H8: =Sex!H8/Sex!$F8 -> 2.9366851e-05 | I8: =Sex!I8/Sex!$F8 -> 2.9366851e-05 | J8: =Sex!J8/Sex!$F8 -> 0 | K8: =Sex!K8/Sex!$F8 -> 0 | L8: =Sex!L8/Sex!$F8 -> 0 | M8: =Sex!M8/Sex!$F8 -> 0 | N8: =Sex!N8/Sex!$F8 -> 0 | ... BC8: =Sex!BC8/Sex!$F8 -> 0.00044050276
A9: 1022 | B9: Female | C9: SBM1022.fcs | D9: 214901 | E9: 208043 | F9: 204524 | G9: =Sex!G9/Sex!$F9 -> 0.56602648 | H9: =Sex!H9/Sex!$F9 -> 0.0058819503 | I9: =Sex!I9/Sex!$F9 -> 0.0056081438 | J9: =Sex!J9/Sex!$F9 -> 0.0054467935 | K9: =Sex!K9/Sex!$F9 -> 0.0054076783 | L9: =Sex!L9/Sex!$F9 -> 0.0053930101 | M9: =Sex!M9/Sex!$F9 -> 0.0011294518 | N9: =Sex!N9/Sex!$F9 -> 0.0037990651 | ... BC9: =Sex!BC9/Sex!$F9 -> 0.00012712445
A10: 1026 | B10: Female | C10: SBM1026.fcs | D10: 259455 | E10: 252631 | F10: 242041 | G10: =Sex!G10/Sex!$F10 -> 0.71497391 | H10: =Sex!H10/Sex!$F10 -> 0.0014377729 | I10: =Sex!I10/Sex!$F10 -> 0.0013923261 | J10: =Sex!J10/Sex!$F10 -> 0.0013055639 | K10: =Sex!K10/Sex!$F10 -> 0.0012931693 | L10: =Sex!L10/Sex!$F10 -> 0.0012849063 | M10: =Sex!M10/Sex!$F10 -> 0.00059907206 | N10: =Sex!N10/Sex!$F10 -> 0.00058667746 | ... BC10: =Sex!BC10/Sex!$F10 -> 0.0010618036
A11: 1039 | B11: Female | C11: SBM1039.fcs | D11: 135493 | E11: 133046 | F11: 127178 | G11: =Sex!G11/Sex!$F11 -> 0.57243391 | H11: =Sex!H11/Sex!$F11 -> 0.004827879 | I11: =Sex!I11/Sex!$F11 -> 0.0047807011 | J11: =Sex!J11/Sex!$F11 -> 0.0043167843 | K11: =Sex!K11/Sex!$F11 -> 0.0043089214 | L11: =Sex!L11/Sex!$F11 -> 0.0043089214 | M11: =Sex!M11/Sex!$F11 -> 0.0011086823 | N11: =Sex!N11/Sex!$F11 -> 0.0026341034 | ... BC11: =Sex!BC11/Sex!$F11 -> 0.00025161585
A12: 1040 | B12: Female | C12: SBM1040.fcs | D12: 69173 | E12: 66483 | F12: 62058 | G12: =Sex!G12/Sex!$F12 -> 0.64127107 | H12: =Sex!H12/Sex!$F12 -> 0.014712044 | I12: =Sex!I12/Sex!$F12 -> 0.014341423 | J12: =Sex!J12/Sex!$F12 -> 0.012762255 | K12: =Sex!K12/Sex!$F12 -> 0.012746141 | L12: =Sex!L12/Sex!$F12 -> 0.012697799 | M12: =Sex!M12/Sex!$F12 -> 0.0025298914 | N12: =Sex!N12/Sex!$F12 -> 0.0086048535 | ... BC12: =Sex!BC12/Sex!$F12 -> 0.00011279771
A13: 1048 | B13: Female | C13: SBM1048.fcs | D13: 148761 | E13: 144702 | F13: 136700 | G13: =Sex!G13/Sex!$F13 -> 0.69349671 | H13: =Sex!H13/Sex!$F13 -> 0.00054133138 | I13: =Sex!I13/Sex!$F13 -> 0.00049012436 | J13: =Sex!J13/Sex!$F13 -> 0.00043160205 | K13: =Sex!K13/Sex!$F13 -> 0.00043160205 | L13: =Sex!L13/Sex!$F13 -> 0.00043160205 | M13: =Sex!M13/Sex!$F13 -> 8.7783467e-05 | N13: =Sex!N13/Sex!$F13 -> 0.00029261156 | ... BC13: =Sex!BC13/Sex!$F13 -> 0.0011923921
... A36: 1337 | B36: Female | C36: SBM1337.fcs | D36: 50067 | E36: 47421 | F36: 43820 | G36: =Sex!G36/Sex!$F36 -> 0.51045185 | H36: =Sex!H36/Sex!$F36 -> 0.0082382474 | I36: =Sex!I36/Sex!$F36 -> 0.0081697855 | J36: =Sex!J36/Sex!$F36 -> 0.007644911 | K36: =Sex!K36/Sex!$F36 -> 0.007644911 | L36: =Sex!L36/Sex!$F36 -> 0.0075764491 | M36: =Sex!M36/Sex!$F36 -> 0.0043359197 | N36: =Sex!N36/Sex!$F36 -> 0.0017115472 | ... BC36: =Sex!BC36/Sex!$F36 -> 4.564126e-05
G37: =Sex!G37/Sex!$F37 -> #DIV/0! | H37: =Sex!H37/Sex!$F37 -> #DIV/0! | I37: =Sex!I37/Sex!$F37 -> #DIV/0! | J37: =Sex!J37/Sex!$F37 -> #DIV/0! | K37: =Sex!K37/Sex!$F37 -> #DIV/0! | L37: =Sex!L37/Sex!$F37 -> #DIV/0! | M37: =Sex!M37/Sex!$F37 -> #DIV/0! | N37: =Sex!N37/Sex!$F37 -> #DIV/0! | ... BC37: =Sex!BC37/Sex!$F37 -> #DIV/0!
A38: 1004 | B38: Male | C38: SBM1004.fcs | D38: 303378 | E38: 294206 | F38: 293104 | G38: =Sex!G38/Sex!$F38 -> 0.42110991 | H38: =Sex!H38/Sex!$F38 -> 0.0068166931 | I38: =Sex!I38/Sex!$F38 -> 0.0066699874 | J38: =Sex!J38/Sex!$F38 -> 0.0064482232 | K38: =Sex!K38/Sex!$F38 -> 0.0063492822 | L38: =Sex!L38/Sex!$F38 -> 0.0063288116 | M38: =Sex!M38/Sex!$F38 -> 0.0020914078 | N38: =Sex!N38/Sex!$F38 -> 0.0031626999 | ... BC38: =Sex!BC38/Sex!$F38 -> 0.00042988154
A39: 1008 | B39: Male | C39: SBM1008.fcs | D39: 47011 | E39: 45318 | F39: 44254 | G39: =Sex!G39/Sex!$F39 -> 0.61879152 | H39: =Sex!H39/Sex!$F39 -> 0.0042933972 | I39: =Sex!I39/Sex!$F39 -> 0.0041126226 | J39: =Sex!J39/Sex!$F39 -> 0.0038188638 | K39: =Sex!K39/Sex!$F39 -> 0.0037284765 | L39: =Sex!L39/Sex!$F39 -> 0.0036832829 | M39: =Sex!M39/Sex!$F39 -> 0.00099426041 | N39: =Sex!N39/Sex!$F39 -> 0.0023500701 | ... BC39: =Sex!BC39/Sex!$F39 -> 6.7790482e-05
A40: 1013 | B40: Male | C40: SBM1013.fcs | D40: 36817 | E40: 34554 | F40: 33806 | G40: =Sex!G40/Sex!$F40 -> 0.31455955 | H40: =Sex!H40/Sex!$F40 -> 0.0063598178 | I40: =Sex!I40/Sex!$F40 -> 0.0063598178 | J40: =Sex!J40/Sex!$F40 -> 0.0060048512 | K40: =Sex!K40/Sex!$F40 -> 0.0060048512 | L40: =Sex!L40/Sex!$F40 -> 0.0060048512 | M40: =Sex!M40/Sex!$F40 -> 0.0035200852 | N40: =Sex!N40/Sex!$F40 -> 0.0017748329 | ... BC40: =Sex!BC40/Sex!$F40 -> 8.8741643e-05
A41: 1014 | B41: Male | C41: SBM1014.fcs | D41: 112228 | E41: 110574 | F41: 108857 | G41: =Sex!G41/Sex!$F41 -> 0.45737987 | H41: =Sex!H41/Sex!$F41 -> 0.0089567047 | I41: =Sex!I41/Sex!$F41 -> 0.0085984365 | J41: =Sex!J41/Sex!$F41 -> 0.0083963365 | K41: =Sex!K41/Sex!$F41 -> 0.0083412183 | L41: =Sex!L41/Sex!$F41 -> 0.0083320319 | M41: =Sex!M41/Sex!$F41 -> 0.0068805865 | N41: =Sex!N41/Sex!$F41 -> 0.00023884546 | ... BC41: =Sex!BC41/Sex!$F41 -> 6.4304546e-05
A42: 1016 | B42: Male | C42: SBM1016.fcs | D42: 68990 | E42: 66382 | F42: 62287 | G42: =Sex!G42/Sex!$F42 -> 0.3868544 | H42: =Sex!H42/Sex!$F42 -> 0.033217204 | I42: =Sex!I42/Sex!$F42 -> 0.033120876 | J42: =Sex!J42/Sex!$F42 -> 0.032944274 | K42: =Sex!K42/Sex!$F42 -> 0.032928219 | L42: =Sex!L42/Sex!$F42 -> 0.032928219 | M42: =Sex!M42/Sex!$F42 -> 0.024740315 | N42: =Sex!N42/Sex!$F42 -> 0.0052980558 | ... BC42: =Sex!BC42/Sex!$F42 -> 0.000224766
A43: 1023 | B43: Male | C43: SBM1023.fcs | D43: 28053 | E43: 26751 | F43: 26457 | G43: =Sex!G43/Sex!$F43 -> 0.7466077 | H43: =Sex!H43/Sex!$F43 -> 0.0041576898 | I43: =Sex!I43/Sex!$F43 -> 0.0041198927 | J43: =Sex!J43/Sex!$F43 -> 0.0038553124 | K43: =Sex!K43/Sex!$F43 -> 0.0038553124 | L43: =Sex!L43/Sex!$F43 -> 0.003779718 | M43: =Sex!M43/Sex!$F43 -> 0.00049136334 | N43: =Sex!N43/Sex!$F43 -> 0.002721397 | ... BC43: =Sex!BC43/Sex!$F43 -> 0.0016630759
A44: 1031 | B44: Male | C44: SBM1031.fcs | D44: 74917 | E44: 72976 | F44: 71165 | G44: =Sex!G44/Sex!$F44 -> 0.57390571 | H44: =Sex!H44/Sex!$F44 -> 0.0099908663 | I44: =Sex!I44/Sex!$F44 -> 0.0099346589 | J44: =Sex!J44/Sex!$F44 -> 0.0095693108 | K44: =Sex!K44/Sex!$F44 -> 0.0095552589 | L44: =Sex!L44/Sex!$F44 -> 0.0095552589 | M44: =Sex!M44/Sex!$F44 -> 0.0037658962 | N44: =Sex!N44/Sex!$F44 -> 0.0042015035 | ... BC44: =Sex!BC44/Sex!$F44 -> 4.2155554e-05
A45: 1033 | B45: Male | C45: SBM1033.fcs | D45: 128942 | E45: 125796 | F45: 122517 | G45: =Sex!G45/Sex!$F45 -> 0.44904789 | H45: =Sex!H45/Sex!$F45 -> 0.0024568019 | I45: =Sex!I45/Sex!$F45 -> 0.0024323155 | J45: =Sex!J45/Sex!$F45 -> 0.0023098835 | K45: =Sex!K45/Sex!$F45 -> 0.0022935593 | L45: =Sex!L45/Sex!$F45 -> 0.0022853971 | M45: =Sex!M45/Sex!$F45 -> 0.00088151032 | N45: =Sex!N45/Sex!$F45 -> 0.00021221545 | ... BC45: =Sex!BC45/Sex!$F45 -> 0.00055502502
A46: 1046 | B46: Male | C46: SBM1046.fcs | D46: 56307 | E46: 54235 | F46: 51105 | G46: =Sex!G46/Sex!$F46 -> 0.43240387 | H46: =Sex!H46/Sex!$F46 -> 0.010116427 | I46: =Sex!I46/Sex!$F46 -> 0.010057724 | J46: =Sex!J46/Sex!$F46 -> 0.0098620487 | K46: =Sex!K46/Sex!$F46 -> 0.0098620487 | L46: =Sex!L46/Sex!$F46 -> 0.0098620487 | M46: =Sex!M46/Sex!$F46 -> 0.0036982683 | N46: =Sex!N46/Sex!$F46 -> 0.0044418354 | ... BC46: =Sex!BC46/Sex!$F46 -> 0.00017610801
A47: 1047 | B47: Male | C47: SBM1047.fcs | D47: 78807 | E47: 74432 | F47: 72740 | G47: =Sex!G47/Sex!$F47 -> 0.70380808 | H47: =Sex!H47/Sex!$F47 -> 0.0072999725 | I47: =Sex!I47/Sex!$F47 -> 0.007080011 | J47: =Sex!J47/Sex!$F47 -> 0.0067500687 | K47: =Sex!K47/Sex!$F47 -> 0.006708826 | L47: =Sex!L47/Sex!$F47 -> 0.0066950784 | M47: =Sex!M47/Sex!$F47 -> 0.0022958482 | N47: =Sex!N47/Sex!$F47 -> 0.0035193841 | ... BC47: =Sex!BC47/Sex!$F47 -> 0.00021996151
A48: 1050 | B48: Male | C48: SBM1050.fcs | D48: 237179 | E48: 231914 | F48: 230665 | G48: =Sex!G48/Sex!$F48 -> 0.90677389 | H48: =Sex!H48/Sex!$F48 -> 0.013339692 | I48: =Sex!I48/Sex!$F48 -> 0.013283333 | J48: =Sex!J48/Sex!$F48 -> 0.01294518 | K48: =Sex!K48/Sex!$F48 -> 0.012932174 | L48: =Sex!L48/Sex!$F48 -> 0.012919168 | M48: =Sex!M48/Sex!$F48 -> 0.0097804175 | N48: =Sex!N48/Sex!$F48 -> 0.0015693755 | ... BC48: =Sex!BC48/Sex!$F48 -> 6.5029372e-05
A49: 1066 | B49: Male | C49: SBM1066.fcs | D49: 137438 | E49: 134002 | F49: 128884 | G49: =Sex!G49/Sex!$F49 -> 0.82743397 | H49: =Sex!H49/Sex!$F49 -> 0.00047329381 | I49: =Sex!I49/Sex!$F49 -> 0.0004655349 | J49: =Sex!J49/Sex!$F49 -> 0.00044225815 | K49: =Sex!K49/Sex!$F49 -> 0.00043449924 | L49: =Sex!L49/Sex!$F49 -> 0.00041122249 | M49: =Sex!M49/Sex!$F49 -> 0.00014741938 | N49: =Sex!N49/Sex!$F49 -> 0.00021724962 | ... BC49: =Sex!BC49/Sex!$F49 -> 0.00011638372
... A77: 1321 | B77: Male | C77: SBM1321.fcs | D77: 202436 | E77: 196874 | F77: 194481 | G77: =Sex!G77/Sex!$F77 -> 0.90452538 | H77: =Sex!H77/Sex!$F77 -> 0.00074557412 | I77: =Sex!I77/Sex!$F77 -> 0.00073529034 | J77: =Sex!J77/Sex!$F77 -> 0.00068901332 | K77: =Sex!K77/Sex!$F77 -> 0.00068387143 | L77: =Sex!L77/Sex!$F77 -> 0.00068387143 | M77: =Sex!M77/Sex!$F77 -> 0.00016968239 | N77: =Sex!N77/Sex!$F77 -> 0.00035479044 | ... BC77: =Sex!BC77/Sex!$F77 -> 0.00051933094
A78: ttest | G78: =TTEST(G2:G36,G38:G77,2,2) -> 0.13892875 | H78: =TTEST(H2:H36,H38:H77,2,2) -> 0.91528095 | I78: =TTEST(I2:I36,I38:I77,2,2) -> 0.88774446 | J78: =TTEST(J2:J36,J38:J77,2,2) -> 0.81590664 | K78: =TTEST(K2:K36,K38:K77,2,2) -> 0.81137791 | L78: =TTEST(L2:L36,L38:L77,2,2) -> 0.80717142 | M78: =TTEST(M2:M36,M38:M77,2,2) -> 0.19439722 | N78: =TTEST(N2:N36,N38:N77,2,2) -> 0.21646047 | ... BC78: =TTEST(BC2:BC36,BC38:BC77,2,2) -> 0.66386754
N80: mean men | O80: =AVERAGE(O38:O77) -> 3.2125091e-05 | Q80: mean men | R80: =AVERAGE(R38:R77) -> 0.046112375 | AI80: men: | AJ80: =AVERAGE(AJ38:AJ77) -> 0.0034954943
N81: mean women | O81: =AVERAGE(O2:O36) -> 0.00010931293 | Q81: mean women | R81: =AVERAGE(R2:R36) -> 0.072130177 | AI81: Women: | AJ81: =AVERAGE(AJ2:AJ36) -> 0.0020283776

Sheet Age
A1: Record ID | B1: Age at enrollment | C1: file | D1: FlowCut-passed/Cells|count | E1: FlowCut-passed/Cells/Single Cells|count | F1: FlowCut-passed/Cells/Single Cells/Live Cells|count | G1: FlowCut-passed/Cells/Single Cells/Live Cells/CD45+|count | H1: FlowCut-passed/Cells/Single Cells/Live Cells/CD45+/CD3-/CD34+|count | I1: FlowCut-passed/Cells/Single Cells/Live Cells/CD45+/CD3-/CD34+/CD4-CD56-|count | J1: FlowCut-passed/Cells/Single Cells/Live Cells/CD45+/CD3-/CD34+/CD4-CD56-/CD20-CD123-|count | K1: FlowCut-passed/Cells/Single Cells/Live Cells/CD45+/CD3-/CD34+/CD4-CD56-/CD20-CD123-/CD14-CD16-|count | L1: FlowCut-passed/Cells/Single Cells/Live Cells/CD45+/CD3-/CD34+/CD4-CD56-/CD20-CD123-/CD14-CD16-/CD11b-CD11c-|count | M1: FlowCut-passed/Cells/Single Cells/Live Cells/CD45+/CD3-/CD34+/CD4-CD56-/CD20-CD123-/CD14-CD16-/CD11b-CD11c-/CD34+CD38-|count | N1: FlowCut-passed/Cells/Single Cells/Live Cells/CD45+/CD3-/CD34+/CD4-CD56-/CD20-CD123-/CD14-CD16-/CD11b-CD11c-/CD34+CD38+|count | O1: FlowCut-passed/Cells/Single Cells/Live Cells/CD45+/CD3-/CD34+/CD4-CD56-/CD20-CD123-/CD14-CD16-/CD11b-CD11c-/CD34+CD38+/Pro-B|count | P1: FlowCut-passed/Cells/Single Cells/Live Cells/CD45+/CD3-/CD34+/CD4-CD56-/CD20-CD123-/CD14-CD16-/CD11b-CD11c-/CD34+CD38+/Pre-pro-B|count | Q1: FlowCut-passed/Cells/Single Cells/Live Cells/CD45+/CD3-/CD34-|count | R1: FlowCut-passed/Cells/Single Cells/Live Cells/CD45+/CD3-/CD34-/B Cells|count | S1: FlowCut-passed/Cells/Single Cells/Live Cells/CD45+/CD3-/CD34-/CD19-/CD20-|count | T1: FlowCut-passed/Cells/Single Cells/Live Cells/CD45+/CD3-/CD34-/CD19-/CD20-/Early NK|count | U1: FlowCut-passed/Cells/Single Cells/Live Cells/CD45+/CD3-/CD34-/CD19-/CD20-/Mature NK|count | V1: FlowCut-passed/Cells/Single Cells/Live Cells/CD45+/CD3-/CD34-/CD19-/CD20-/Non-Classical Monocyte|count | W1: FlowCut-passed/Cells/Single Cells/Live Cells/CD45+/CD3-/CD34-/CD19-/CD20-/Classical Monocyte|count | X1: FlowCut-passed/Cells/Single Cells/Live Cells/CD45+/CD3-/CD34-/CD19-/CD20-/CD14+/HLA-DR-|count | Y1: FlowCut-passed/Cells/Single Cells/Live Cells/CD45+/CD3-/CD34-/CD19-/CD20-/CD14+/HLA-DR-/MDSC-like|count | Z1: FlowCut-passed/Cells/Single Cells/Live Cells/CD45+/CD3-/CD34-/CD19-/CD20-/Dendritic Cells|count | AA1: FlowCut-passed/Cells/Single Cells/Live Cells/CD45+/CD3-/CD34-/CD19-/CD20-/Dendritic Cells/pDC|count | AB1: FlowCut-passed/Cells/Single Cells/Live Cells/CD45+/CD3-/CD34-/CD19-/CD20-/Dendritic Cells/cDC|count | AC1: FlowCut-passed/Cells/Single Cells/Live Cells/CD45+/CD3-/CD34-/CD19-/CD20-/Dendritic Cells/cDC/CD16+ cDC|count | AD1: FlowCut-passed/Cells/Single Cells/Live Cells/CD45+/CD3-/CD34-/CD19-/CD20-/Dendritic Cells/cDC/CD16- cDC|count | AE1: FlowCut-passed/Cells/Single Cells/Live Cells/CD45+/CD3-/CD34-/CD19-/CD20-/CD14-/HLA-DR-|count | AF1: FlowCut-passed/Cells/Single Cells/Live Cells/CD45+/CD3-/CD34-/CD19-/CD20-/CD14-/HLA-DR-/ILC|count | AG1: FlowCut-passed/Cells/Single Cells/Live Cells/CD45+/CD3+/CD34-|count | AH1: FlowCut-passed/Cells/Single Cells/Live Cells/CD45+/CD3+/CD34-/TCRab+|count | AI1: FlowCut-passed/Cells/Single Cells/Live Cells/CD45+/CD3+/CD34-/TCRab+/NKT CD8-|count | AJ1: FlowCut-passed/Cells/Single Cells/Live Cells/CD45+/CD3+/CD34-/TCRab+/NKT CD8+|count | AK1: FlowCut-passed/Cells/Single Cells/Live Cells/CD45+/CD3+/CD34-/TCRab+/T Cell|count | AL1: FlowCut-passed/Cells/Single Cells/Live Cells/CD45+/CD3+/CD34-/TCRab+/T Cell/CD4+ T cell|count | AM1: FlowCut-passed/Cells/Single Cells/Live Cells/CD45+/CD3+/CD34-/TCRab+/T Cell/CD4+ T cell/Tregs|count | AN1: FlowCut-passed/Cells/Single Cells/Live Cells/CD45+/CD3+/CD34-/TCRab+/T Cell/CD4+ T cell/CD4+/CD197+|count | AO1: FlowCut-passed/Cells/Single Cells/Live Cells/CD45+/CD3+/CD34-/TCRab+/T Cell/CD4+ T cell/CD4+/CD197+/Naive CD4+ T Cell|count | AP1: FlowCut-passed/Cells/Single Cells/Live Cells/CD45+/CD3+/CD34-/TCRab+/T Cell/CD4+ T cell/CD4+/CD197+/Central Memory CD4+ T Cell|count | AQ1: FlowCut-passed/Cells/Single Cells/Live Cells/CD45+/CD3+/CD34-/TCRab+/T Cell/CD4+ T cell/CD4+/CD197-|count | AR1: FlowCut-passed/Cells/Single Cells/Live Cells/CD45+/CD3+/CD34-/TCRab+/T Cell/CD4+ T cell/CD4+/CD197-/Effector CD4+ T Cell|count | AS1: FlowCut-passed/Cells/Single Cells/Live Cells/CD45+/CD3+/CD34-/TCRab+/T Cell/CD4+ T cell/CD279+/CD4+ T Cell|count | AT1: FlowCut-passed/Cells/Single Cells/Live Cells/CD45+/CD3+/CD34-/TCRab+/T Cell/CD4+ T cell/CD279+/CD4+ T Cell/CD4+ TPex|count | AU1: FlowCut-passed/Cells/Single Cells/Live Cells/CD45+/CD3+/CD34-/TCRab+/T Cell/CD8+ T Cell|count | AV1: FlowCut-passed/Cells/Single Cells/Live Cells/CD45+/CD3+/CD34-/TCRab+/T Cell/CD8+ T Cell/CD279+/CD8+ T Cell|count | AW1: FlowCut-passed/Cells/Single Cells/Live Cells/CD45+/CD3+/CD34-/TCRab+/T Cell/CD8+ T Cell/CD279+/CD8+ T Cell/CD8+ TPex|count | AX1: FlowCut-passed/Cells/Single Cells/Live Cells/CD45+/CD3+/CD34-/TCRab+/T Cell/CD8+ T Cell/CD197+/CD8+ T Cell|count | AY1: FlowCut-passed/Cells/Single Cells/Live Cells/CD45+/CD3+/CD34-/TCRab+/T Cell/CD8+ T Cell/CD197+/CD8+ T Cell/Central Memory CD8+ T Cell|count | AZ1: FlowCut-passed/Cells/Single Cells/Live Cells/CD45+/CD3+/CD34-/TCRab+/T Cell/CD8+ T Cell/CD197+/CD8+ T Cell/Naive CD8+ T Cell|count | BA1: FlowCut-passed/Cells/Single Cells/Live Cells/CD45+/CD3+/CD34-/TCRab+/T Cell/CD8+ T Cell/CD197-/CD8+ T Cell|count | BB1: FlowCut-passed/Cells/Single Cells/Live Cells/CD45+/CD3+/CD34-/TCRab+/T Cell/CD8+ T Cell/CD197-/CD8+ T Cell/Effector CD8+ T Cell|count | BC1: FlowCut-passed/Cells/Single Cells/Live Cells/CD45+/CD3+/CD34-/gd T cell|count
A2: 1048 | B2: 24 | C2: SBM1048.fcs | D2: 148761 | E2: 144702 | F2: 136700 | G2: 94801 | H2: 74 | I2: 67 | J2: 59 | K2: 59 | L2: 59 | M2: 12 | N2: 40 | O2: 0 | P2: 0 | Q2: 32910 | R2: 7765 | S2: 24615 | T2: 1384 | U2: 2647 | V2: 4320 | W2: 9659 | X2: 4074 | Y2: 3993 | Z2: 1735 | AA2: 365 | AB2: 1149 | AC2: 95 | AD2: 1023 | AE2: 12211 | AF2: 176 | AG2: 61337 | AH2: 55718 | AI2: 535 | AJ2: 373 | AK2: 53500 | AL2: 30299 | AM2: 64 | AN2: 19538 | AO2: 7660 | AP2: 10219 | AQ2: 8767 | AR2: 8712 | AS2: 2332 | AT2: 695 | AU2: 20453 | AV2: 3134 | AW2: 466 | AX2: 11251 | AY2: 1902 | AZ2: 8800 | BA2: 8324 | BB2: 6821 | BC2: 163
A3: 1235 | B3: 25 | C3: SBM1235.fcs | D3: 36749 | E3: 35528 | F3: 35018 | G3: 30431 | H3: 31 | I3: 31 | J3: 28 | K3: 28 | L3: 28 | M3: 10 | N3: 13 | O3: 0 | P3: 0 | Q3: 15334 | R3: 2031 | S3: 13003 | T3: 887 | U3: 2258 | V3: 3213 | W3: 1897 | X3: 273 | Y3: 254 | Z3: 737 | AA3: 161 | AB3: 489 | AC3: 137 | AD3: 226 | AE3: 9501 | AF3: 46 | AG3: 14869 | AH3: 12930 | AI3: 21 | AJ3: 45 | AK3: 12680 | AL3: 6439 | AM3: 44 | AN3: 2208 | AO3: 886 | AP3: 1091 | AQ3: 3551 | AR3: 3323 | AS3: 391 | AT3: 83 | AU3: 5725 | AV3: 516 | AW3: 98 | AX3: 2156 | AY3: 119 | AZ3: 1962 | BA3: 2943 | BB3: 1820 | BC3: 14
A4: 1090 | B4: 29 | C4: SBM1090.fcs | D4: 41092 | E4: 39807 | F4: 35649 | G4: 19175 | H4: 41 | I4: 41 | J4: 38 | K4: 38 | L4: 38 | M4: 10 | N4: 21 | O4: 0 | P4: 0 | Q4: 7660 | R4: 1324 | S4: 5952 | T4: 440 | U4: 438 | V4: 1323 | W4: 1408 | X4: 181 | Y4: 164 | Z4: 498 | AA4: 64 | AB4: 354 | AC4: 26 | AD4: 323 | AE4: 3864 | AF4: 61 | AG4: 11359 | AH4: 10572 | AI4: 87 | AJ4: 33 | AK4: 10151 | AL4: 6357 | AM4: 11 | AN4: 3529 | AO4: 1224 | AP4: 1968 | AQ4: 2414 | AR4: 2321 | AS4: 627 | AT4: 252 | AU4: 3091 | AV4: 438 | AW4: 110 | AX4: 1389 | AY4: 296 | AZ4: 953 | BA4: 1594 | BB4: 1191 | BC4: 75
A5: 1012 | B5: 31 | C5: SBM1012.fcs | D5: 270926 | E5: 265202 | F5: 261135 | G5: 167832 | H5: 1547 | I5: 1516 | J5: 1454 | K5: 1439 | L5: 1432 | M5: 639 | N5: 612 | O5: 16 | P5: 20 | Q5: 100530 | R5: 24253 | S5: 71034 | T5: 2153 | U5: 2647 | V5: 4370 | W5: 27309 | X5: 9535 | Y5: 9282 | Z5: 21634 | AA5: 4506 | AB5: 13647 | AC5: 155 | AD5: 12386 | AE5: 15506 | AF5: 214 | AG5: 63098 | AH5: 60720 | AI5: 522 | AJ5: 519 | AK5: 57375 | AL5: 25309 | AM5: 208 | AN5: 12451 | AO5: 7555 | AP5: 3972 | AQ5: 10943 | AR5: 10584 | AS5: 2019 | AT5: 434 | AU5: 29360 | AV5: 5302 | AW5: 760 | AX5: 12353 | AY5: 888 | AZ5: 11077 | BA5: 15587 | BB5: 10183 | BC5: 21
A6: 1001 | B6: 34 | C6: SBM1001.fcs | D6: 277764 | E6: 265500 | F6: 262632 | G6: 102216 | H6: 2698 | I6: 2649 | J6: 2482 | K6: 2472 | L6: 2463 | M6: 547 | N6: 1517 | O6: 53 | P6: 86 | Q6: 38541 | R6: 7265 | S6: 29957 | T6: 1300 | U6: 889 | V6: 1026 | W6: 13380 | X6: 5675 | Y6: 5624 | Z6: 8258 | AA6: 2276 | AB6: 5095 | AC6: 42 | AD6: 4884 | AE6: 5749 | AF6: 106 | AG6: 58069 | AH6: 55511 | AI6: 301 | AJ6: 176 | AK6: 53861 | AL6: 32786 | AM6: 130 | AN6: 19853 | AO6: 15656 | AP6: 3132 | AQ6: 7645 | AR6: 6090 | AS6: 1144 | AT6: 201 | AU6: 19694 | AV6: 1655 | AW6: 130 | AX6: 7234 | AY6: 298 | AZ6: 6835 | BA6: 11340 | BB6: 5716 | BC6: 154
A7: 1015 | B7: 34 | C7: SBM1015.fcs | D7: 34385 | E7: 33666 | F7: 33296 | G7: 27707 | H7: 21 | I7: 21 | J7: 18 | K7: 18 | L7: 17 | M7: 7 | N7: 9 | O7: 0 | P7: 0 | Q7: 9378 | R7: 650 | S7: 8646 | T7: 486 | U7: 957 | V7: 1716 | W7: 4430 | X7: 2388 | Y7: 2368 | Z7: 585 | AA7: 193 | AB7: 357 | AC7: 160 | AD7: 166 | AE7: 3158 | AF7: 14 | AG7: 18081 | AH7: 17641 | AI7: 104 | AJ7: 15 | AK7: 17232 | AL7: 12711 | AM7: 47 | AN7: 8536 | AO7: 4280 | AP7: 3552 | AQ7: 3064 | AR7: 2988 | AS7: 669 | AT7: 502 | AU7: 4126 | AV7: 165 | AW7: 136 | AX7: 3792 | AY7: 67 | AZ7: 3653 | BA7: 200 | BB7: 146 | BC7: 2
A8: 1337 | B8: 34 | C8: SBM1337.fcs | D8: 50067 | E8: 47421 | F8: 43820 | G8: 22368 | H8: 361 | I8: 358 | J8: 335 | K8: 335 | L8: 332 | M8: 190 | N8: 75 | O8: 0 | P8: 2 | Q8: 11444 | R8: 1689 | S8: 9435 | T8: 314 | U8: 58 | V8: 203 | W8: 3044 | X8: 537 | Y8: 424 | Z8: 3699 | AA8: 365 | AB8: 2831 | AC8: 45 | AD8: 2686 | AE8: 1665 | AF8: 54 | AG8: 10116 | AH8: 9168 | AI8: 86 | AJ8: 28 | AK8: 8623 | AL8: 4259 | AM8: 11 | AN8: 1376 | AO8: 475 | AP8: 770 | AQ8: 2608 | AR8: 2580 | AS8: 261 | AT8: 107 | AU8: 3537 | AV8: 1024 | AW8: 148 | AX8: 1250 | AY8: 215 | AZ8: 947 | BA8: 2143 | BB8: 1339 | BC8: 2
A9: 1003 | B9: 35 | C9: SBM1003.fcs | D9: 321845 | E9: 314310 | F9: 309191 | G9: 181785 | H9: 3329 | I9: 3197 | J9: 2976 | K9: 2935 | L9: 2904 | M9: 1162 | N9: 407 | O9: 9 | P9: 20 | Q9: 90578 | R9: 35124 | S9: 51872 | T9: 1659 | U9: 927 | V9: 2509 | W9: 21579 | X9: 11303 | Y9: 10861 | Z9: 13356 | AA9: 2863 | AB9: 8637 | AC9: 317 | AD9: 6310 | AE9: 9556 | AF9: 122 | AG9: 82123 | AH9: 75753 | AI9: 618 | AJ9: 651 | AK9: 72429 | AL9: 46060 | AM9: 125 | AN9: 38228 | AO9: 36081 | AP9: 1486 | AQ9: 5701 | AR9: 2403 | AS9: 5549 | AT9: 3054 | AU9: 24060 | AV9: 3824 | AW9: 736 | AX9: 8187 | AY9: 89 | AZ9: 7976 | BA9: 15216 | BB9: 788 | BC9: 165
A10: 1118 | B10: 41 | C10: SBM1118.fcs | D10: 122549 | E10: 120601 | F10: 112566 | G10: 82654 | H10: 337 | I10: 336 | J10: 313 | K10: 310 | L10: 310 | M10: 92 | N10: 146 | O10: 4 | P10: 1 | Q10: 24810 | R10: 4293 | S10: 19820 | T10: 700 | U10: 529 | V10: 2170 | W10: 6115 | X10: 1966 | Y10: 1867 | Z10: 3728 | AA10: 572 | AB10: 2838 | AC10: 278 | AD10: 2252 | AE10: 8684 | AF10: 441 | AG10: 56435 | AH10: 53241 | AI10: 104 | AJ10: 56 | AK10: 52619 | AL10: 32913 | AM10: 163 | AN10: 15351 | AO10: 6801 | AP10: 7526 | AQ10: 14811 | AR10: 14556 | AS10: 1260 | AT10: 391 | AU10: 15668 | AV10: 1850 | AW10: 254 | AX10: 8198 | AY10: 934 | AZ10: 6844 | BA10: 6524 | BB10: 5663 | BC10: 35
A11: 1150 | B11: 42 | C11: SBM1150.fcs | D11: 130632 | E11: 125538 | F11: 119786 | G11: 67058 | H11: 444 | I11: 436 | J11: 400 | K11: 400 | L11: 397 | M11: 117 | N11: 235 | O11: 2 | P11: 1 | Q11: 27755 | R11: 5300 | S11: 21427 | T11: 903 | U11: 359 | V11: 1536 | W11: 8195 | X11: 2074 | Y11: 1931 | Z11: 5302 | AA11: 1282 | AB11: 3578 | AC11: 250 | AD11: 3218 | AE11: 5927 | AF11: 131 | AG11: 38262 | AH11: 34611 | AI11: 180 | AJ11: 201 | AK11: 33556 | AL11: 14283 | AM11: 29 | AN11: 7126 | AO11: 1839 | AP11: 4598 | AQ11: 6251 | AR11: 6194 | AS11: 1508 | AT11: 332 | AU11: 17581 | AV11: 5750 | AW11: 620 | AX11: 3818 | AY11: 1237 | AZ11: 2244 | BA11: 13307 | BB11: 11097 | BC11: 74
A12: 1186 | B12: 42 | C12: SBM1186.fcs | D12: 130376 | E12: 126147 | F12: 120112 | G12: 94813 | H12: 12 | I12: 12 | J12: 10 | K12: 10 | L12: 10 | M12: 5 | N12: 3 | O12: 0 | P12: 0 | Q12: 23970 | R12: 4860 | S12: 18848 | T12: 2080 | U12: 1118 | V12: 1173 | W12: 2367 | X12: 602 | Y12: 552 | Z12: 1300 | AA12: 199 | AB12: 977 | AC12: 45 | AD12: 788 | AE12: 14358 | AF12: 340 | AG12: 69848 | AH12: 61512 | AI12: 510 | AJ12: 577 | AK12: 59314 | AL12: 34428 | AM12: 160 | AN12: 16384 | AO12: 11059 | AP12: 4048 | AQ12: 14413 | AR12: 12623 | AS12: 1530 | AT12: 381 | AU12: 22096 | AV12: 1237 | AW12: 227 | AX12: 8455 | AY12: 520 | AZ12: 7606 | BA12: 12629 | BB12: 7694 | BC12: 208
A13: 1321 | B13: 45 | C13: SBM1321.fcs | D13: 202436 | E13: 196874 | F13: 194481 | G13: 175913 | H13: 145 | I13: 143 | J13: 134 | K13: 133 | L13: 133 | M13: 33 | N13: 69 | O13: 0 | P13: 3 | Q13: 82442 | R13: 17909 | S13: 62222 | T13: 5796 | U13: 1624 | V13: 2526 | W13: 27295 | X13: 6838 | Y13: 3 | Z13: 5248 | AA13: 945 | AB13: 4004 | AC13: 470 | AD13: 3320 | AE13: 27206 | AF13: 296 | AG13: 92854 | AH13: 85912 | AI13: 493 | AJ13: 208 | AK13: 83556 | AL13: 61612 | AM13: 151 | AN13: 42521 | AO13: 16184 | AP13: 21923 | AQ13: 14650 | AR13: 14519 | AS13: 3570 | AT13: 1428 | AU13: 19343 | AV13: 1382 | AW13: 542 | AX13: 9358 | AY13: 1720 | AZ13: 6892 | BA13: 8790 | BB13: 6449 | BC13: 101
... A77: 1155 | B77: 89 | C77: SBM1155.fcs | D77: 348111 | E77: 320999 | F77: 317961 | G77: 189871 | H77: 681 | I77: 661 | J77: 641 | K77: 635 | L77: 632 | M77: 223 | N77: 292 | O77: 1 | P77: 2 | Q77: 74044 | R77: 13874 | S77: 59298 | T77: 2902 | U77: 3767 | V77: 4702 | W77: 34939 | X77: 4768 | Y77: 686 | Z77: 6655 | AA77: 2254 | AB77: 3526 | AC77: 361 | AD77: 2871 | AE77: 15353 | AF77: 125 | AG77: 113906 | AH77: 104450 | AI77: 943 | AJ77: 1434 | AK77: 98560 | AL77: 71002 | AM77: 163 | AN77: 41835 | AO77: 10625 | AP77: 27403 | AQ77: 22552 | AR77: 21350 | AS77: 3133 | AT77: 453 | AU77: 24339 | AV77: 2576 | AW77: 143 | AX77: 2919 | AY77: 874 | AZ77: 1808 | BA77: 20550 | BB77: 9545 | BC77: 535

Sheet Age_norm_liveCell
A1: Record ID | B1: Age at enrollment | C1: file | D1: FlowCut-passed/Cells|count | E1: FlowCut-passed/Cells/Single Cells|count | F1: FlowCut-passed/Cells/Single Cells/Live Cells|count | G1: FlowCut-passed/Cells/Single Cells/Live Cells/CD45+|count | H1: FlowCut-passed/Cells/Single Cells/Live Cells/CD45+/CD3-/CD34+|count | I1: FlowCut-passed/Cells/Single Cells/Live Cells/CD45+/CD3-/CD34+/CD4-CD56-|count | J1: FlowCut-passed/Cells/Single Cells/Live Cells/CD45+/CD3-/CD34+/CD4-CD56-/CD20-CD123-|count | K1: FlowCut-passed/Cells/Single Cells/Live Cells/CD45+/CD3-/CD34+/CD4-CD56-/CD20-CD123-/CD14-CD16-|count | L1: FlowCut-passed/Cells/Single Cells/Live Cells/CD45+/CD3-/CD34+/CD4-CD56-/CD20-CD123-/CD14-CD16-/CD11b-CD11c-|count | M1: FlowCut-passed/Cells/Single Cells/Live Cells/CD45+/CD3-/CD34+/CD4-CD56-/CD20-CD123-/CD14-CD16-/CD11b-CD11c-/CD34+CD38-|count | N1: FlowCut-passed/Cells/Single Cells/Live Cells/CD45+/CD3-/CD34+/CD4-CD56-/CD20-CD123-/CD14-CD16-/CD11b-CD11c-/CD34+CD38+|count | O1: FlowCut-passed/Cells/Single Cells/Live Cells/CD45+/CD3-/CD34+/CD4-CD56-/CD20-CD123-/CD14-CD16-/CD11b-CD11c-/CD34+CD38+/Pro-B|count | P1: FlowCut-passed/Cells/Single Cells/Live Cells/CD45+/CD3-/CD34+/CD4-CD56-/CD20-CD123-/CD14-CD16-/CD11b-CD11c-/CD34+CD38+/Pre-pro-B|count | Q1: FlowCut-passed/Cells/Single Cells/Live Cells/CD45+/CD3-/CD34-|count | R1: FlowCut-passed/Cells/Single Cells/Live Cells/CD45+/CD3-/CD34-/B Cells|count | S1: FlowCut-passed/Cells/Single Cells/Live Cells/CD45+/CD3-/CD34-/CD19-/CD20-|count | T1: FlowCut-passed/Cells/Single Cells/Live Cells/CD45+/CD3-/CD34-/CD19-/CD20-/Early NK|count | U1: FlowCut-passed/Cells/Single Cells/Live Cells/CD45+/CD3-/CD34-/CD19-/CD20-/Mature NK|count | V1: FlowCut-passed/Cells/Single Cells/Live Cells/CD45+/CD3-/CD34-/CD19-/CD20-/Non-Classical Monocyte|count | W1: FlowCut-passed/Cells/Single Cells/Live Cells/CD45+/CD3-/CD34-/CD19-/CD20-/Classical Monocyte|count | X1: FlowCut-passed/Cells/Single Cells/Live Cells/CD45+/CD3-/CD34-/CD19-/CD20-/CD14+/HLA-DR-|count | Y1: FlowCut-passed/Cells/Single Cells/Live Cells/CD45+/CD3-/CD34-/CD19-/CD20-/CD14+/HLA-DR-/MDSC-like|count | Z1: FlowCut-passed/Cells/Single Cells/Live Cells/CD45+/CD3-/CD34-/CD19-/CD20-/Dendritic Cells|count | AA1: FlowCut-passed/Cells/Single Cells/Live Cells/CD45+/CD3-/CD34-/CD19-/CD20-/Dendritic Cells/pDC|count | AB1: FlowCut-passed/Cells/Single Cells/Live Cells/CD45+/CD3-/CD34-/CD19-/CD20-/Dendritic Cells/cDC|count | AC1: FlowCut-passed/Cells/Single Cells/Live Cells/CD45+/CD3-/CD34-/CD19-/CD20-/Dendritic Cells/cDC/CD16+ cDC|count | AD1: FlowCut-passed/Cells/Single Cells/Live Cells/CD45+/CD3-/CD34-/CD19-/CD20-/Dendritic Cells/cDC/CD16- cDC|count | AE1: FlowCut-passed/Cells/Single Cells/Live Cells/CD45+/CD3-/CD34-/CD19-/CD20-/CD14-/HLA-DR-|count | AF1: FlowCut-passed/Cells/Single Cells/Live Cells/CD45+/CD3-/CD34-/CD19-/CD20-/CD14-/HLA-DR-/ILC|count | AG1: FlowCut-passed/Cells/Single Cells/Live Cells/CD45+/CD3+/CD34-|count | AH1: FlowCut-passed/Cells/Single Cells/Live Cells/CD45+/CD3+/CD34-/TCRab+|count | AI1: FlowCut-passed/Cells/Single Cells/Live Cells/CD45+/CD3+/CD34-/TCRab+/NKT CD8-|count | AJ1: FlowCut-passed/Cells/Single Cells/Live Cells/CD45+/CD3+/CD34-/TCRab+/NKT CD8+|count | AK1: FlowCut-passed/Cells/Single Cells/Live Cells/CD45+/CD3+/CD34-/TCRab+/T Cell|count | AL1: FlowCut-passed/Cells/Single Cells/Live Cells/CD45+/CD3+/CD34-/TCRab+/T Cell/CD4+ T cell|count | AM1: FlowCut-passed/Cells/Single Cells/Live Cells/CD45+/CD3+/CD34-/TCRab+/T Cell/CD4+ T cell/Tregs|count | AN1: FlowCut-passed/Cells/Single Cells/Live Cells/CD45+/CD3+/CD34-/TCRab+/T Cell/CD4+ T cell/CD4+/CD197+|count | AO1: FlowCut-passed/Cells/Single Cells/Live Cells/CD45+/CD3+/CD34-/TCRab+/T Cell/CD4+ T cell/CD4+/CD197+/Naive CD4+ T Cell|count | AP1: FlowCut-passed/Cells/Single Cells/Live Cells/CD45+/CD3+/CD34-/TCRab+/T Cell/CD4+ T cell/CD4+/CD197+/Central Memory CD4+ T Cell|count | AQ1: FlowCut-passed/Cells/Single Cells/Live Cells/CD45+/CD3+/CD34-/TCRab+/T Cell/CD4+ T cell/CD4+/CD197-|count | AR1: FlowCut-passed/Cells/Single Cells/Live Cells/CD45+/CD3+/CD34-/TCRab+/T Cell/CD4+ T cell/CD4+/CD197-/Effector CD4+ T Cell|count | AS1: FlowCut-passed/Cells/Single Cells/Live Cells/CD45+/CD3+/CD34-/TCRab+/T Cell/CD4+ T cell/CD279+/CD4+ T Cell|count | AT1: FlowCut-passed/Cells/Single Cells/Live Cells/CD45+/CD3+/CD34-/TCRab+/T Cell/CD4+ T cell/CD279+/CD4+ T Cell/CD4+ TPex|count | AU1: FlowCut-passed/Cells/Single Cells/Live Cells/CD45+/CD3+/CD34-/TCRab+/T Cell/CD8+ T Cell|count | AV1: FlowCut-passed/Cells/Single Cells/Live Cells/CD45+/CD3+/CD34-/TCRab+/T Cell/CD8+ T Cell/CD279+/CD8+ T Cell|count | AW1: FlowCut-passed/Cells/Single Cells/Live Cells/CD45+/CD3+/CD34-/TCRab+/T Cell/CD8+ T Cell/CD279+/CD8+ T Cell/CD8+ TPex|count | AX1: FlowCut-passed/Cells/Single Cells/Live Cells/CD45+/CD3+/CD34-/TCRab+/T Cell/CD8+ T Cell/CD197+/CD8+ T Cell|count | AY1: FlowCut-passed/Cells/Single Cells/Live Cells/CD45+/CD3+/CD34-/TCRab+/T Cell/CD8+ T Cell/CD197+/CD8+ T Cell/Central Memory CD8+ T Cell|count | AZ1: FlowCut-passed/Cells/Single Cells/Live Cells/CD45+/CD3+/CD34-/TCRab+/T Cell/CD8+ T Cell/CD197+/CD8+ T Cell/Naive CD8+ T Cell|count | BA1: FlowCut-passed/Cells/Single Cells/Live Cells/CD45+/CD3+/CD34-/TCRab+/T Cell/CD8+ T Cell/CD197-/CD8+ T Cell|count | BB1: FlowCut-passed/Cells/Single Cells/Live Cells/CD45+/CD3+/CD34-/TCRab+/T Cell/CD8+ T Cell/CD197-/CD8+ T Cell/Effector CD8+ T Cell|count | BC1: FlowCut-passed/Cells/Single Cells/Live Cells/CD45+/CD3+/CD34-/gd T cell|count | BF1: Age Bins
A2: 1048 | B2: 24 | C2: SBM1048.fcs | D2: 148761 | E2: 144702 | F2: 136700 | G2: =Age!G2/Age!$F2 -> 0.69349671 | H2: =Age!H2/Age!$F2 -> 0.00054133138 | I2: =Age!I2/Age!$F2 -> 0.00049012436 | J2: =Age!J2/Age!$F2 -> 0.00043160205 | K2: =Age!K2/Age!$F2 -> 0.00043160205 | L2: =Age!L2/Age!$F2 -> 0.00043160205 | M2: =Age!M2/Age!$F2 -> 8.7783467e-05 | N2: =Age!N2/Age!$F2 -> 0.00029261156 | ... BC2: =Age!BC2/Age!$F2 -> 0.0011923921
A3: 1235 | B3: 25 | C3: SBM1235.fcs | D3: 36749 | E3: 35528 | F3: 35018 | G3: =Age!G3/Age!$F3 -> 0.86901022 | H3: =Age!H3/Age!$F3 -> 0.00088525901 | I3: =Age!I3/Age!$F3 -> 0.00088525901 | J3: =Age!J3/Age!$F3 -> 0.00079958878 | K3: =Age!K3/Age!$F3 -> 0.00079958878 | L3: =Age!L3/Age!$F3 -> 0.00079958878 | M3: =Age!M3/Age!$F3 -> 0.00028556742 | N3: =Age!N3/Age!$F3 -> 0.00037123765 | ... BC3: =Age!BC3/Age!$F3 -> 0.00039979439 | BF3: =IF(B3<60, "under 60", "over 60") -> under 60
A4: 1090 | B4: 29 | C4: SBM1090.fcs | D4: 41092 | E4: 39807 | F4: 35649 | G4: =Age!G4/Age!$F4 -> 0.53788325 | H4: =Age!H4/Age!$F4 -> 0.0011501024 | I4: =Age!I4/Age!$F4 -> 0.0011501024 | J4: =Age!J4/Age!$F4 -> 0.0010659486 | K4: =Age!K4/Age!$F4 -> 0.0010659486 | L4: =Age!L4/Age!$F4 -> 0.0010659486 | M4: =Age!M4/Age!$F4 -> 0.00028051278 | N4: =Age!N4/Age!$F4 -> 0.00058907683 | ... BC4: =Age!BC4/Age!$F4 -> 0.0021038458 | BF4: =IF(B4<60, "under 60", "over 60") -> under 60
A5: 1012 | B5: 31 | C5: SBM1012.fcs | D5: 270926 | E5: 265202 | F5: 261135 | G5: =Age!G5/Age!$F5 -> 0.64270205 | H5: =Age!H5/Age!$F5 -> 0.0059241389 | I5: =Age!I5/Age!$F5 -> 0.0058054263 | J5: =Age!J5/Age!$F5 -> 0.0055680012 | K5: =Age!K5/Age!$F5 -> 0.0055105597 | L5: =Age!L5/Age!$F5 -> 0.0054837536 | M5: =Age!M5/Age!$F5 -> 0.0024470102 | N5: =Age!N5/Age!$F5 -> 0.0023436154 | ... BC5: =Age!BC5/Age!$F5 -> 8.0418175e-05 | BF5: =IF(B5<60, "under 60", "over 60") -> under 60
A6: 1001 | B6: 34 | C6: SBM1001.fcs | D6: 277764 | E6: 265500 | F6: 262632 | G6: =Age!G6/Age!$F6 -> 0.38919857 | H6: =Age!H6/Age!$F6 -> 0.010272929 | I6: =Age!I6/Age!$F6 -> 0.010086357 | J6: =Age!J6/Age!$F6 -> 0.0094504859 | K6: =Age!K6/Age!$F6 -> 0.0094124098 | L6: =Age!L6/Age!$F6 -> 0.0093781413 | M6: =Age!M6/Age!$F6 -> 0.0020827622 | N6: =Age!N6/Age!$F6 -> 0.005776143 | ... BC6: =Age!BC6/Age!$F6 -> 0.00058637181 | BF6: =IF(B6<60, "under 60", "over 60") -> under 60
A7: 1015 | B7: 34 | C7: SBM1015.fcs | D7: 34385 | E7: 33666 | F7: 33296 | G7: =Age!G7/Age!$F7 -> 0.832142 | H7: =Age!H7/Age!$F7 -> 0.00063070639 | I7: =Age!I7/Age!$F7 -> 0.00063070639 | J7: =Age!J7/Age!$F7 -> 0.00054060548 | K7: =Age!K7/Age!$F7 -> 0.00054060548 | L7: =Age!L7/Age!$F7 -> 0.00051057184 | M7: =Age!M7/Age!$F7 -> 0.00021023546 | N7: =Age!N7/Age!$F7 -> 0.00027030274 | ... BC7: =Age!BC7/Age!$F7 -> 6.0067275e-05 | BF7: =IF(B7<60, "under 60", "over 60") -> under 60
A8: 1337 | B8: 34 | C8: SBM1337.fcs | D8: 50067 | E8: 47421 | F8: 43820 | G8: =Age!G8/Age!$F8 -> 0.51045185 | H8: =Age!H8/Age!$F8 -> 0.0082382474 | I8: =Age!I8/Age!$F8 -> 0.0081697855 | J8: =Age!J8/Age!$F8 -> 0.007644911 | K8: =Age!K8/Age!$F8 -> 0.007644911 | L8: =Age!L8/Age!$F8 -> 0.0075764491 | M8: =Age!M8/Age!$F8 -> 0.0043359197 | N8: =Age!N8/Age!$F8 -> 0.0017115472 | ... BC8: =Age!BC8/Age!$F8 -> 4.564126e-05 | BF8: =IF(B8<60, "under 60", "over 60") -> under 60
A9: 1003 | B9: 35 | C9: SBM1003.fcs | D9: 321845 | E9: 314310 | F9: 309191 | G9: =Age!G9/Age!$F9 -> 0.58793755 | H9: =Age!H9/Age!$F9 -> 0.010766808 | I9: =Age!I9/Age!$F9 -> 0.010339887 | J9: =Age!J9/Age!$F9 -> 0.0096251185 | K9: =Age!K9/Age!$F9 -> 0.0094925143 | L9: =Age!L9/Age!$F9 -> 0.0093922527 | M9: =Age!M9/Age!$F9 -> 0.0037581948 | N9: =Age!N9/Age!$F9 -> 0.0013163384 | ... BC9: =Age!BC9/Age!$F9 -> 0.00053365072 | BF9: =IF(B9<60, "under 60", "over 60") -> under 60
A10: 1118 | B10: 41 | C10: SBM1118.fcs | D10: 122549 | E10: 120601 | F10: 112566 | G10: =Age!G10/Age!$F10 -> 0.73427145 | H10: =Age!H10/Age!$F10 -> 0.0029937992 | I10: =Age!I10/Age!$F10 -> 0.0029849155 | J10: =Age!J10/Age!$F10 -> 0.0027805909 | K10: =Age!K10/Age!$F10 -> 0.0027539399 | L10: =Age!L10/Age!$F10 -> 0.0027539399 | M10: =Age!M10/Age!$F10 -> 0.0008172983 | N10: =Age!N10/Age!$F10 -> 0.0012970169 | ... BC10: =Age!BC10/Age!$F10 -> 0.0003109287 | BF10: =IF(B10<60, "under 60", "over 60") -> under 60
A11: 1150 | B11: 42 | C11: SBM1150.fcs | D11: 130632 | E11: 125538 | F11: 119786 | G11: =Age!G11/Age!$F11 -> 0.559815 | H11: =Age!H11/Age!$F11 -> 0.0037066101 | I11: =Age!I11/Age!$F11 -> 0.0036398244 | J11: =Age!J11/Age!$F11 -> 0.0033392884 | K11: =Age!K11/Age!$F11 -> 0.0033392884 | L11: =Age!L11/Age!$F11 -> 0.0033142437 | M11: =Age!M11/Age!$F11 -> 0.00097674186 | N11: =Age!N11/Age!$F11 -> 0.0019618319 | ... BC11: =Age!BC11/Age!$F11 -> 0.00061776835 | BF11: =IF(B11<60, "under 60", "over 60") -> under 60
A12: 1186 | B12: 42 | C12: SBM1186.fcs | D12: 130376 | E12: 126147 | F12: 120112 | G12: =Age!G12/Age!$F12 -> 0.78937159 | H12: =Age!H12/Age!$F12 -> 9.9906754e-05 | I12: =Age!I12/Age!$F12 -> 9.9906754e-05 | J12: =Age!J12/Age!$F12 -> 8.3255628e-05 | K12: =Age!K12/Age!$F12 -> 8.3255628e-05 | L12: =Age!L12/Age!$F12 -> 8.3255628e-05 | M12: =Age!M12/Age!$F12 -> 4.1627814e-05 | N12: =Age!N12/Age!$F12 -> 2.4976688e-05 | ... BC12: =Age!BC12/Age!$F12 -> 0.0017317171 | BF12: =IF(B12<60, "under 60", "over 60") -> under 60
A13: 1321 | B13: 45 | C13: SBM1321.fcs | D13: 202436 | E13: 196874 | F13: 194481 | G13: =Age!G13/Age!$F13 -> 0.90452538 | H13: =Age!H13/Age!$F13 -> 0.00074557412 | I13: =Age!I13/Age!$F13 -> 0.00073529034 | J13: =Age!J13/Age!$F13 -> 0.00068901332 | K13: =Age!K13/Age!$F13 -> 0.00068387143 | L13: =Age!L13/Age!$F13 -> 0.00068387143 | M13: =Age!M13/Age!$F13 -> 0.00016968239 | N13: =Age!N13/Age!$F13 -> 0.00035479044 | ... BC13: =Age!BC13/Age!$F13 -> 0.00051933094 | BF13: =IF(B13<60, "under 60", "over 60") -> under 60
A14: 1300 | B14: 46 | C14: SBM1300.fcs | D14: 93789 | E14: 90800 | F14: 89845 | G14: =Age!G14/Age!$F14 -> 0.91881574 | H14: =Age!H14/Age!$F14 -> 0.0015025878 | I14: =Age!I14/Age!$F14 -> 0.0014914575 | J14: =Age!J14/Age!$F14 -> 0.001391285 | K14: =Age!K14/Age!$F14 -> 0.0013801547 | L14: =Age!L14/Age!$F14 -> 0.0013690244 | M14: =Age!M14/Age!$F14 -> 0.00040069008 | N14: =Age!N14/Age!$F14 -> 0.00069007736 | ... BC14: =Age!BC14/Age!$F14 -> 0.00064555624 | BF14: =IF(B14<60, "under 60", "over 60") -> under 60
... A32: 1210 | B32: 59 | C32: SBM1210.fcs | D32: 66184 | E32: 59940 | F32: 58794 | G32: =Age!G32/Age!$F32 -> 0.3529782 | H32: =Age!H32/Age!$F32 -> 0.0073476885 | I32: =Age!I32/Age!$F32 -> 0.0071776032 | J32: =Age!J32/Age!$F32 -> 0.0067353812 | K32: =Age!K32/Age!$F32 -> 0.0067183726 | L32: =Age!L32/Age!$F32 -> 0.0066843555 | M32: =Age!M32/Age!$F32 -> 0.0025002551 | N32: =Age!N32/Age!$F32 -> 0.0031635881 | ... BC32: =Age!BC32/Age!$F32 -> 8.5042691e-05 | BF32: =IF(B32<60, "under 60", "over 60") -> under 60
G33: =Age!G33/Age!$F33 -> #DIV/0! | H33: =Age!H33/Age!$F33 -> #DIV/0! | I33: =Age!I33/Age!$F33 -> #DIV/0! | J33: =Age!J33/Age!$F33 -> #DIV/0! | K33: =Age!K33/Age!$F33 -> #DIV/0! | L33: =Age!L33/Age!$F33 -> #DIV/0! | M33: =Age!M33/Age!$F33 -> #DIV/0! | N33: =Age!N33/Age!$F33 -> #DIV/0! | ... BC33: =Age!BC33/Age!$F33 -> #DIV/0!
A34: 1059 | B34: 60 | C34: SBM1059.fcs | D34: 175293 | E34: 171404 | F34: 153549 | G34: =Age!G34/Age!$F34 -> 0.52888003 | H34: =Age!H34/Age!$F34 -> 0.0036535568 | I34: =Age!I34/Age!$F34 -> 0.0036014562 | J34: =Age!J34/Age!$F34 -> 0.0034712046 | K34: =Age!K34/Age!$F34 -> 0.0034386417 | L34: =Age!L34/Age!$F34 -> 0.0034125914 | M34: =Age!M34/Age!$F34 -> 0.00095734912 | N34: =Age!N34/Age!$F34 -> 0.0021231008 | ... BC34: =Age!BC34/Age!$F34 -> 0.00034516669 | BF34: =IF(B34<60, "under 60", "over 60") -> over 60
A35: 1107 | B35: 60 | C35: SBM1107.fcs | D35: 19490 | E35: 18962 | F35: 18555 | G35: =Age!G35/Age!$F35 -> 0.58032875 | H35: =Age!H35/Age!$F35 -> 0.011479386 | I35: =Age!I35/Age!$F35 -> 0.011479386 | J35: =Age!J35/Age!$F35 -> 0.010940447 | K35: =Age!K35/Age!$F35 -> 0.010940447 | L35: =Age!L35/Age!$F35 -> 0.01083266 | M35: =Age!M35/Age!$F35 -> 0.004742657 | N35: =Age!N35/Age!$F35 -> 0.0035569927 | ... BC35: =Age!BC35/Age!$F35 -> 0.0003772568 | BF35: =IF(B35<60, "under 60", "over 60") -> over 60
A36: 1091 | B36: 61 | C36: SBM1091.fcs | D36: 219518 | E36: 216315 | F36: 196851 | G36: =Age!G36/Age!$F36 -> 0.47555766 | H36: =Age!H36/Age!$F36 -> 0.0017932345 | I36: =Age!I36/Age!$F36 -> 0.0017932345 | J36: =Age!J36/Age!$F36 -> 0.0017068747 | K36: =Age!K36/Age!$F36 -> 0.0016763948 | L36: =Age!L36/Age!$F36 -> 0.0016662349 | M36: =Age!M36/Age!$F36 -> 0.00093979711 | N36: =Age!N36/Age!$F36 -> 9.6519703e-05 | ... BC36: =Age!BC36/Age!$F36 -> 0.00062483808 | BF36: =IF(B36<60, "under 60", "over 60") -> over 60
A37: 1154 | B37: 61 | C37: SBM1154.fcs | D37: 105939 | E37: 97892 | F37: 91684 | G37: =Age!G37/Age!$F37 -> 0.66018062 | H37: =Age!H37/Age!$F37 -> 0.0036538545 | I37: =Age!I37/Age!$F37 -> 0.0035011561 | J37: =Age!J37/Age!$F37 -> 0.0033593648 | K37: =Age!K37/Age!$F37 -> 0.0033048296 | L37: =Age!L37/Age!$F37 -> 0.0032939226 | M37: =Age!M37/Age!$F37 -> 0.001156145 | N37: =Age!N37/Age!$F37 -> 0.0014615418 | ... BC37: =Age!BC37/Age!$F37 -> 0.00094891148 | BF37: =IF(B37<60, "under 60", "over 60") -> over 60
A38: 1157 | B38: 61 | C38: SBM1157.fcs | D38: 137475 | E38: 125596 | F38: 123468 | G38: =Age!G38/Age!$F38 -> 0.72336962 | H38: =Age!H38/Age!$F38 -> 0.0024054816 | I38: =Age!I38/Age!$F38 -> 0.0022758933 | J38: =Age!J38/Age!$F38 -> 0.0019924191 | K38: =Age!K38/Age!$F38 -> 0.001960022 | L38: =Age!L38/Age!$F38 -> 0.0019114264 | M38: =Age!M38/Age!$F38 -> 0.00024297794 | N38: =Age!N38/Age!$F38 -> 0.001255386 | ... BC38: =Age!BC38/Age!$F38 -> 0.00053455146 | BF38: =IF(B38<60, "under 60", "over 60") -> over 60
A39: 1178 | B39: 61 | C39: SBM1178.fcs | D39: 89352 | E39: 81651 | F39: 80568 | G39: =Age!G39/Age!$F39 -> 0.50063301 | H39: =Age!H39/Age!$F39 -> 0.011543044 | I39: =Age!I39/Age!$F39 -> 0.010711449 | J39: =Age!J39/Age!$F39 -> 0.010165326 | K39: =Age!K39/Age!$F39 -> 0.010103267 | L39: =Age!L39/Age!$F39 -> 0.0098053818 | M39: =Age!M39/Age!$F39 -> 0.0024823751 | N39: =Age!N39/Age!$F39 -> 0.0051261047 | ... BC39: =Age!BC39/Age!$F39 -> 0.00031029689 | BF39: =IF(B39<60, "under 60", "over 60") -> over 60
A40: 1069 | B40: 62 | C40: SBM1069.fcs | D40: 195514 | E40: 191326 | F40: 189278 | G40: =Age!G40/Age!$F40 -> 0.80237006 | H40: =Age!H40/Age!$F40 -> 0.025248576 | I40: =Age!I40/Age!$F40 -> 0.025074229 | J40: =Age!J40/Age!$F40 -> 0.024133814 | K40: =Age!K40/Age!$F40 -> 0.024075698 | L40: =Age!L40/Age!$F40 -> 0.024022866 | M40: =Age!M40/Age!$F40 -> 0.005415315 | N40: =Age!N40/Age!$F40 -> 0.015955367 | ... BC40: =Age!BC40/Age!$F40 -> 0.0010777798 | BF40: =IF(B40<60, "under 60", "over 60") -> over 60
A41: 1159 | B41: 62 | C41: SBM1159.fcs | D41: 152950 | E41: 139335 | F41: 134934 | G41: =Age!G41/Age!$F41 -> 0.64281056 | H41: =Age!H41/Age!$F41 -> 0.0057880149 | I41: =Age!I41/Age!$F41 -> 0.0056694384 | J41: =Age!J41/Age!$F41 -> 0.0053729972 | K41: =Age!K41/Age!$F41 -> 0.0053137089 | L41: =Age!L41/Age!$F41 -> 0.0052914758 | M41: =Age!M41/Age!$F41 -> 0.00085226852 | N41: =Age!N41/Age!$F41 -> 0.003631405 | ... BC41: =Age!BC41/Age!$F41 -> 0.0004372508 | BF41: =IF(B41<60, "under 60", "over 60") -> over 60
A42: 1031 | B42: 63 | C42: SBM1031.fcs | D42: 74917 | E42: 72976 | F42: 71165 | G42: =Age!G42/Age!$F42 -> 0.57390571 | H42: =Age!H42/Age!$F42 -> 0.0099908663 | I42: =Age!I42/Age!$F42 -> 0.0099346589 | J42: =Age!J42/Age!$F42 -> 0.0095693108 | K42: =Age!K42/Age!$F42 -> 0.0095552589 | L42: =Age!L42/Age!$F42 -> 0.0095552589 | M42: =Age!M42/Age!$F42 -> 0.0037658962 | N42: =Age!N42/Age!$F42 -> 0.0042015035 | ... BC42: =Age!BC42/Age!$F42 -> 4.2155554e-05 | BF42: =IF(B42<60, "under 60", "over 60") -> over 60
A43: 1205 | B43: 64 | C43: SBM1205.fcs | D43: 35601 | E43: 32502 | F43: 31893 | G43: =Age!G43/Age!$F43 -> 0.39284482 | H43: =Age!H43/Age!$F43 -> 0.0043583231 | I43: =Age!I43/Age!$F43 -> 0.0041388392 | J43: =Age!J43/Age!$F43 -> 0.003793936 | K43: =Age!K43/Age!$F43 -> 0.003793936 | L43: =Age!L43/Age!$F43 -> 0.003793936 | M43: =Age!M43/Age!$F43 -> 0.00081522591 | N43: =Age!N43/Age!$F43 -> 0.0022889035 | ... BC43: =Age!BC43/Age!$F43 -> 0.00037625811 | BF43: =IF(B43<60, "under 60", "over 60") -> over 60
A44: 1013 | B44: 65 | C44: SBM1013.fcs | D44: 36817 | E44: 34554 | F44: 33806 | G44: =Age!G44/Age!$F44 -> 0.31455955 | H44: =Age!H44/Age!$F44 -> 0.0063598178 | I44: =Age!I44/Age!$F44 -> 0.0063598178 | J44: =Age!J44/Age!$F44 -> 0.0060048512 | K44: =Age!K44/Age!$F44 -> 0.0060048512 | L44: =Age!L44/Age!$F44 -> 0.0060048512 | M44: =Age!M44/Age!$F44 -> 0.0035200852 | N44: =Age!N44/Age!$F44 -> 0.0017748329 | ... BC44: =Age!BC44/Age!$F44 -> 8.8741643e-05 | BF44: =IF(B44<60, "under 60", "over 60") -> over 60
A45: 1086 | B45: 65 | C45: SBM1086.fcs | D45: 141672 | E45: 138657 | F45: 125312 | G45: =Age!G45/Age!$F45 -> 0.62791273 | H45: =Age!H45/Age!$F45 -> 0.0047481486 | I45: =Age!I45/Age!$F45 -> 0.0047002681 | J45: =Age!J45/Age!$F45 -> 0.0043730848 | K45: =Age!K45/Age!$F45 -> 0.0043730848 | L45: =Age!L45/Age!$F45 -> 0.0043571246 | M45: =Age!M45/Age!$F45 -> 0.0022184627 | N45: =Age!N45/Age!$F45 -> 0.0013885342 | ... BC45: =Age!BC45/Age!$F45 -> 8.7780899e-05 | BF45: =IF(B45<60, "under 60", "over 60") -> over 60
... A77: 1155 | B77: 89 | C77: SBM1155.fcs | D77: 348111 | E77: 320999 | F77: 317961 | G77: =Age!G77/Age!$F77 -> 0.59715185 | H77: =Age!H77/Age!$F77 -> 0.0021417721 | I77: =Age!I77/Age!$F77 -> 0.0020788713 | J77: =Age!J77/Age!$F77 -> 0.0020159705 | K77: =Age!K77/Age!$F77 -> 0.0019971003 | L77: =Age!L77/Age!$F77 -> 0.0019876652 | M77: =Age!M77/Age!$F77 -> 0.00070134388 | N77: =Age!N77/Age!$F77 -> 0.00091835162 | ... BC77: =Age!BC77/Age!$F77 -> 0.0016825963 | BF77: =IF(B77<60, "under 60", "over 60") -> over 60
A78: ttest | G78: =TTEST(G2:G32,G34:G77,2,2) -> 0.011130575 | H78: =TTEST(H2:H32,H34:H77,2,2) -> 0.059796262 | I78: =TTEST(I2:I32,I34:I77,2,2) -> 0.062442678 | J78: =TTEST(J2:J32,J34:J77,2,2) -> 0.061273166 | K78: =TTEST(K2:K32,K34:K77,2,2) -> 0.062249322 | L78: =TTEST(L2:L32,L34:L77,2,2) -> 0.062703637 | M78: =TTEST(M2:M32,M34:M77,2,2) -> 0.09062898 | N78: =TTEST(N2:N32,N34:N77,2,2) -> 0.14758911 | ... BC78: =TTEST(BC2:BC32,BC34:BC77,2,2) -> 0.78932017

Sheet Diabetes 
